2026-04-09 13:48:39 Sending 1st request to SJ API towns
2026-04-09 13:48:52 Towns - Success
2026-04-09 13:48:53 Sending 2nd request to SJ API catalogues
2026-04-09 13:49:01 Catalogue - Success
2026-04-09 13:49:05 sending request to https://api.superjob.ru/2.0/catalogues/?
2026-04-09 13:49:06 https://api.superjob.ru/2.0/catalogues/? - Success
2026-04-09 13:50:05 Sending request to API vacancies
2026-04-09 13:50:07 Success for Town 4, vacancy category AI, page 0
2026-04-09 13:50:07 Sending request to API vacancies
2026-04-09 13:50:08 Success for Town 4, vacancy category AI, page 1
2026-04-09 13:50:08 Sending request to API vacancies
2026-04-09 13:50:09 Sending request to API vacancies
2026-04-09 13:50:10 Success for Town 4, vacancy category AI, page 0
2026-04-09 13:50:10 Sending request to API vacancies
2026-04-09 13:50:12 Success for Town 4, vacancy category AI, page 1
2026-04-09 13:50:12 Sending request to API vacancies
2026-04-09 13:50:13 Sending request to API vacancies
2026-04-09 13:50:17 Success for Town 4, vacancy category AI, page 0
2026-04-09 13:50:17 Sending request to API vacancies
2026-04-09 13:50:17 Success for Town 4, vacancy category AI, page 1
2026-04-09 13:50:18 Sending request to API vacancies
2026-04-09 13:50:18 Sending request to API vacancies
2026-04-09 13:50:19 Sending request to API vacancies
2026-04-09 13:50:20 Success for Town 4, vacancy category CRM-системы, page 0
2026-04-09 13:50:20 Sending request to API vacancies
2026-04-09 13:50:21 Success for Town 4, vacancy category CRM-системы, page 1
2026-04-09 13:50:22 Sending request to API vacancies
2026-04-09 13:50:22 Sending request to API vacancies
2026-04-09 13:50:23 Success for Town 4, vacancy category CRM-системы, page 0
2026-04-09 13:50:24 Sending request to API vacancies
2026-04-09 13:50:25 Success for Town 4, vacancy category CRM-системы, page 1
2026-04-09 13:50:25 Sending request to API vacancies
2026-04-09 13:50:27 Sending request to API vacancies
2026-04-09 13:50:30 Success for Town 4, vacancy category CRM-системы, page 0
2026-04-09 13:50:30 Sending request to API vacancies
2026-04-09 13:50:30 Success for Town 4, vacancy category CRM-системы, page 1
2026-04-09 13:50:31 Sending request to API vacancies
2026-04-09 13:50:31 Sending request to API vacancies
2026-04-09 13:50:32 Sending request to API vacancies
2026-04-09 13:50:33 Success for Town 4, vacancy category Data Science, page 0
2026-04-09 13:50:33 Sending request to API vacancies
2026-04-09 13:50:34 Success for Town 4, vacancy category Data Science, page 1
2026-04-09 13:50:34 Sending request to API vacancies
2026-04-09 13:50:35 Sending request to API vacancies
2026-04-09 13:50:36 Success for Town 4, vacancy category Data Science, page 0
2026-04-09 13:50:37 Sending request to API vacancies
2026-04-09 13:50:38 Success for Town 4, vacancy category Data Science, page 1
2026-04-09 13:50:38 Sending request to API vacancies
2026-04-09 13:50:39 Sending request to API vacancies
2026-04-09 13:50:41 Success for Town 4, vacancy category Data Science, page 0
2026-04-09 13:50:41 Sending request to API vacancies
2026-04-09 13:50:42 Success for Town 4, vacancy category Data Science, page 1
2026-04-09 13:50:42 Sending request to API vacancies
2026-04-09 13:50:42 Sending request to API vacancies
2026-04-09 13:50:43 Sending request to API vacancies
2026-04-09 13:50:44 Success for Town 4, vacancy category DevOps, page 0
2026-04-09 13:50:45 Sending request to API vacancies
2026-04-09 13:50:45 Success for Town 4, vacancy category DevOps, page 1
2026-04-09 13:50:46 Sending request to API vacancies
2026-04-09 13:50:46 Sending request to API vacancies
2026-04-09 13:50:48 Success for Town 4, vacancy category DevOps, page 0
2026-04-09 13:50:48 Sending request to API vacancies
2026-04-09 13:50:49 Success for Town 4, vacancy category DevOps, page 1
2026-04-09 13:50:49 Sending request to API vacancies
2026-04-09 13:50:50 Sending request to API vacancies
2026-04-09 13:50:52 Success for Town 4, vacancy category DevOps, page 0
2026-04-09 13:50:52 Sending request to API vacancies
2026-04-09 13:50:53 Success for Town 4, vacancy category DevOps, page 1
2026-04-09 13:50:53 Sending request to API vacancies
2026-04-09 13:50:53 Sending request to API vacancies
2026-04-09 13:50:54 Sending request to API vacancies
2026-04-09 13:50:55 Success for Town 4, vacancy category SRE, page 0
2026-04-09 13:50:56 Sending request to API vacancies
2026-04-09 13:50:57 Success for Town 4, vacancy category SRE, page 1
2026-04-09 13:50:57 Sending request to API vacancies
2026-04-09 13:50:58 Sending request to API vacancies
2026-04-09 13:51:01 Success for Town 4, vacancy category SRE, page 0
2026-04-09 13:51:01 Sending request to API vacancies
2026-04-09 13:51:03 Success for Town 4, vacancy category SRE, page 1
2026-04-09 13:51:03 Sending request to API vacancies
2026-04-09 13:51:03 Sending request to API vacancies
2026-04-09 13:51:05 Success for Town 4, vacancy category SRE, page 0
2026-04-09 13:51:05 Sending request to API vacancies
2026-04-09 13:51:06 Success for Town 4, vacancy category SRE, page 1
2026-04-09 13:51:06 Sending request to API vacancies
2026-04-09 13:51:07 Sending request to API vacancies
2026-04-09 13:51:07 Sending request to API vacancies
2026-04-09 13:51:09 Success for Town 4, vacancy category Web-верстка, page 0
2026-04-09 13:51:09 Sending request to API vacancies
2026-04-09 13:51:10 Success for Town 4, vacancy category Web-верстка, page 1
2026-04-09 13:51:11 Sending request to API vacancies
2026-04-09 13:51:11 Sending request to API vacancies
2026-04-09 13:51:13 Success for Town 4, vacancy category Web-верстка, page 0
2026-04-09 13:51:14 Sending request to API vacancies
2026-04-09 13:51:15 Success for Town 4, vacancy category Web-верстка, page 1
2026-04-09 13:51:15 Sending request to API vacancies
2026-04-09 13:51:16 Sending request to API vacancies
2026-04-09 13:51:17 Success for Town 4, vacancy category Web-верстка, page 0
2026-04-09 13:51:17 Sending request to API vacancies
2026-04-09 13:51:18 Success for Town 4, vacancy category Web-верстка, page 1
2026-04-09 13:51:18 Sending request to API vacancies
2026-04-09 13:51:19 Sending request to API vacancies
2026-04-09 13:51:20 Sending request to API vacancies
2026-04-09 13:51:21 Success for Town 4, vacancy category Администрирование баз данных, page 0
2026-04-09 13:51:21 Sending request to API vacancies
2026-04-09 13:51:22 Success for Town 4, vacancy category Администрирование баз данных, page 1
2026-04-09 13:51:22 Sending request to API vacancies
2026-04-09 13:51:23 Sending request to API vacancies
2026-04-09 13:51:25 Success for Town 4, vacancy category Администрирование баз данных, page 0
2026-04-09 13:51:25 Sending request to API vacancies
2026-04-09 13:51:26 Success for Town 4, vacancy category Администрирование баз данных, page 1
2026-04-09 13:51:26 Sending request to API vacancies
2026-04-09 13:51:27 Sending request to API vacancies
2026-04-09 13:51:29 Success for Town 4, vacancy category Администрирование баз данных, page 0
2026-04-09 13:51:29 Sending request to API vacancies
2026-04-09 13:51:30 Success for Town 4, vacancy category Администрирование баз данных, page 1
2026-04-09 13:51:30 Sending request to API vacancies
2026-04-09 13:51:32 Sending request to API vacancies
2026-04-09 13:51:32 Sending request to API vacancies
2026-04-09 13:51:36 Success for Town 4, vacancy category Аналитика, page 0
2026-04-09 13:51:37 Sending request to API vacancies
2026-04-09 13:51:37 Success for Town 4, vacancy category Аналитика, page 1
2026-04-09 13:51:38 Sending request to API vacancies
2026-04-09 13:51:38 Sending request to API vacancies
2026-04-09 13:51:40 Success for Town 4, vacancy category Аналитика, page 0
2026-04-09 13:51:40 Sending request to API vacancies
2026-04-09 13:51:42 Success for Town 4, vacancy category Аналитика, page 1
2026-04-09 13:51:43 Sending request to API vacancies
2026-04-09 13:51:43 Sending request to API vacancies
2026-04-09 13:51:45 Success for Town 4, vacancy category Аналитика, page 0
2026-04-09 13:51:45 Sending request to API vacancies
2026-04-09 13:51:47 Success for Town 4, vacancy category Аналитика, page 1
2026-04-09 13:51:47 Sending request to API vacancies
2026-04-09 13:51:48 Sending request to API vacancies
2026-04-09 13:51:48 Sending request to API vacancies
2026-04-09 13:51:50 Success for Town 4, vacancy category Внедрение и сопровождение ПО, page 0
2026-04-09 13:51:50 Sending request to API vacancies
2026-04-09 13:51:51 Success for Town 4, vacancy category Внедрение и сопровождение ПО, page 1
2026-04-09 13:51:52 Sending request to API vacancies
2026-04-09 13:51:52 Sending request to API vacancies
2026-04-09 13:51:54 Success for Town 4, vacancy category Внедрение и сопровождение ПО, page 0
2026-04-09 13:51:54 Sending request to API vacancies
2026-04-09 13:51:55 Success for Town 4, vacancy category Внедрение и сопровождение ПО, page 1
2026-04-09 13:51:56 Sending request to API vacancies
2026-04-09 13:51:56 Sending request to API vacancies
2026-04-09 13:51:57 Success for Town 4, vacancy category Внедрение и сопровождение ПО, page 0
2026-04-09 13:51:58 Sending request to API vacancies
2026-04-09 13:51:59 Success for Town 4, vacancy category Внедрение и сопровождение ПО, page 1
2026-04-09 13:51:59 Sending request to API vacancies
2026-04-09 13:52:00 Sending request to API vacancies
2026-04-09 13:52:00 Sending request to API vacancies
2026-04-09 13:52:02 Success for Town 4, vacancy category Игровое ПО / Геймдев, page 0
2026-04-09 13:52:02 Sending request to API vacancies
2026-04-09 13:52:04 Success for Town 4, vacancy category Игровое ПО / Геймдев, page 1
2026-04-09 13:52:04 Sending request to API vacancies
2026-04-09 13:52:05 Sending request to API vacancies
2026-04-09 13:52:07 Success for Town 4, vacancy category Игровое ПО / Геймдев, page 0
2026-04-09 13:52:07 Sending request to API vacancies
2026-04-09 13:52:09 Success for Town 4, vacancy category Игровое ПО / Геймдев, page 1
2026-04-09 13:52:09 Sending request to API vacancies
2026-04-09 13:52:10 Sending request to API vacancies
2026-04-09 13:52:12 Success for Town 4, vacancy category Игровое ПО / Геймдев, page 0
2026-04-09 13:52:13 Sending request to API vacancies
2026-04-09 13:52:14 Success for Town 4, vacancy category Игровое ПО / Геймдев, page 1
2026-04-09 13:52:14 Sending request to API vacancies
2026-04-09 13:52:15 Sending request to API vacancies
2026-04-09 13:52:15 Sending request to API vacancies
2026-04-09 13:52:17 Success for Town 4, vacancy category Инжиниринг, page 0
2026-04-09 13:52:17 Sending request to API vacancies
2026-04-09 13:52:18 Success for Town 4, vacancy category Инжиниринг, page 1
2026-04-09 13:52:18 Sending request to API vacancies
2026-04-09 13:52:18 Sending request to API vacancies
2026-04-09 13:52:23 Success for Town 4, vacancy category Инжиниринг, page 0
2026-04-09 13:52:23 Sending request to API vacancies
2026-04-09 13:52:24 Success for Town 4, vacancy category Инжиниринг, page 1
2026-04-09 13:52:25 Sending request to API vacancies
2026-04-09 13:52:25 Sending request to API vacancies
2026-04-09 13:52:26 Success for Town 4, vacancy category Инжиниринг, page 0
2026-04-09 13:52:27 Sending request to API vacancies
2026-04-09 13:52:28 Success for Town 4, vacancy category Инжиниринг, page 1
2026-04-09 13:52:28 Sending request to API vacancies
2026-04-09 13:52:30 Sending request to API vacancies
2026-04-09 13:52:30 Sending request to API vacancies
2026-04-09 13:52:32 Success for Town 4, vacancy category Интернет, создание и поддержка сайтов, page 0
2026-04-09 13:52:32 Sending request to API vacancies
2026-04-09 13:52:33 Success for Town 4, vacancy category Интернет, создание и поддержка сайтов, page 1
2026-04-09 13:52:33 Sending request to API vacancies
2026-04-09 13:52:34 Sending request to API vacancies
2026-04-09 13:52:39 Success for Town 4, vacancy category Интернет, создание и поддержка сайтов, page 0
2026-04-09 13:52:39 Sending request to API vacancies
2026-04-09 13:52:40 Success for Town 4, vacancy category Интернет, создание и поддержка сайтов, page 1
2026-04-09 13:52:40 Sending request to API vacancies
2026-04-09 13:52:41 Sending request to API vacancies
2026-04-09 13:52:46 Success for Town 4, vacancy category Интернет, создание и поддержка сайтов, page 0
2026-04-09 13:52:46 Sending request to API vacancies
2026-04-09 13:52:47 Success for Town 4, vacancy category Интернет, создание и поддержка сайтов, page 1
2026-04-09 13:52:47 Sending request to API vacancies
2026-04-09 13:52:48 Sending request to API vacancies
2026-04-09 13:52:48 Sending request to API vacancies
2026-04-09 13:52:53 Success for Town 4, vacancy category Информационная безопасность, page 0
2026-04-09 13:52:53 Sending request to API vacancies
2026-04-09 13:52:54 Success for Town 4, vacancy category Информационная безопасность, page 1
2026-04-09 13:52:54 Sending request to API vacancies
2026-04-09 13:52:55 Sending request to API vacancies
2026-04-09 13:52:56 Success for Town 4, vacancy category Информационная безопасность, page 0
2026-04-09 13:52:57 Sending request to API vacancies
2026-04-09 13:52:58 Success for Town 4, vacancy category Информационная безопасность, page 1
2026-04-09 13:52:58 Sending request to API vacancies
2026-04-09 13:52:58 Sending request to API vacancies
2026-04-09 13:53:00 Success for Town 4, vacancy category Информационная безопасность, page 0
2026-04-09 13:53:00 Sending request to API vacancies
2026-04-09 13:53:02 Success for Town 4, vacancy category Информационная безопасность, page 1
2026-04-09 13:53:02 Sending request to API vacancies
2026-04-09 13:53:02 Sending request to API vacancies
2026-04-09 13:53:03 Sending request to API vacancies
2026-04-09 13:53:08 Success for Town 4, vacancy category Киберспорт, page 0
2026-04-09 13:53:08 Sending request to API vacancies
2026-04-09 13:53:09 Success for Town 4, vacancy category Киберспорт, page 1
2026-04-09 13:53:09 Sending request to API vacancies
2026-04-09 13:53:10 Sending request to API vacancies
2026-04-09 13:53:13 Success for Town 4, vacancy category Киберспорт, page 0
2026-04-09 13:53:13 Sending request to API vacancies
2026-04-09 13:53:15 Success for Town 4, vacancy category Киберспорт, page 1
2026-04-09 13:53:15 Sending request to API vacancies
2026-04-09 13:53:16 Sending request to API vacancies
2026-04-09 13:53:17 Success for Town 4, vacancy category Киберспорт, page 0
2026-04-09 13:53:17 Sending request to API vacancies
2026-04-09 13:53:18 Success for Town 4, vacancy category Киберспорт, page 1
2026-04-09 13:53:18 Sending request to API vacancies
2026-04-09 13:53:19 Sending request to API vacancies
2026-04-09 13:53:19 Sending request to API vacancies
2026-04-09 13:53:21 Success for Town 4, vacancy category Компьютерная анимация и мультимедиа, page 0
2026-04-09 13:53:21 Sending request to API vacancies
2026-04-09 13:53:22 Success for Town 4, vacancy category Компьютерная анимация и мультимедиа, page 1
2026-04-09 13:53:22 Sending request to API vacancies
2026-04-09 13:53:23 Sending request to API vacancies
2026-04-09 13:53:24 Success for Town 4, vacancy category Компьютерная анимация и мультимедиа, page 0
2026-04-09 13:53:25 Sending request to API vacancies
2026-04-09 13:53:26 Success for Town 4, vacancy category Компьютерная анимация и мультимедиа, page 1
2026-04-09 13:53:26 Sending request to API vacancies
2026-04-09 13:53:27 Sending request to API vacancies
2026-04-09 13:53:28 Success for Town 4, vacancy category Компьютерная анимация и мультимедиа, page 0
2026-04-09 13:53:28 Sending request to API vacancies
2026-04-09 13:53:29 Success for Town 4, vacancy category Компьютерная анимация и мультимедиа, page 1
2026-04-09 13:53:29 Sending request to API vacancies
2026-04-09 13:53:30 Sending request to API vacancies
2026-04-09 13:53:32 Sending request to API vacancies
2026-04-09 13:53:34 Success for Town 4, vacancy category Контент, page 0
2026-04-09 13:53:34 Sending request to API vacancies
2026-04-09 13:53:35 Success for Town 4, vacancy category Контент, page 1
2026-04-09 13:53:35 Sending request to API vacancies
2026-04-09 13:53:36 Sending request to API vacancies
2026-04-09 13:53:38 Success for Town 4, vacancy category Контент, page 0
2026-04-09 13:53:38 Sending request to API vacancies
2026-04-09 13:53:40 Success for Town 4, vacancy category Контент, page 1
2026-04-09 13:53:40 Sending request to API vacancies
2026-04-09 13:53:40 Sending request to API vacancies
2026-04-09 13:53:42 Success for Town 4, vacancy category Контент, page 0
2026-04-09 13:53:42 Sending request to API vacancies
2026-04-09 13:53:43 Success for Town 4, vacancy category Контент, page 1
2026-04-09 13:53:43 Sending request to API vacancies
2026-04-09 13:53:43 Sending request to API vacancies
2026-04-09 13:53:44 Sending request to API vacancies
2026-04-09 13:53:46 Success for Town 4, vacancy category Мобильная разработка, page 0
2026-04-09 13:53:46 Sending request to API vacancies
2026-04-09 13:53:47 Success for Town 4, vacancy category Мобильная разработка, page 1
2026-04-09 13:53:47 Sending request to API vacancies
2026-04-09 13:53:48 Sending request to API vacancies
2026-04-09 13:53:51 Success for Town 4, vacancy category Мобильная разработка, page 0
2026-04-09 13:53:51 Sending request to API vacancies
2026-04-09 13:53:52 Success for Town 4, vacancy category Мобильная разработка, page 1
2026-04-09 13:53:53 Sending request to API vacancies
2026-04-09 13:53:53 Sending request to API vacancies
2026-04-09 13:53:54 Success for Town 4, vacancy category Мобильная разработка, page 0
2026-04-09 13:53:55 Sending request to API vacancies
2026-04-09 13:53:56 Success for Town 4, vacancy category Мобильная разработка, page 1
2026-04-09 13:53:56 Sending request to API vacancies
2026-04-09 13:53:56 Sending request to API vacancies
2026-04-09 13:53:57 Sending request to API vacancies
2026-04-09 13:53:58 Success for Town 4, vacancy category Нейросети / Искусственный интеллект, page 0
2026-04-09 13:53:59 Sending request to API vacancies
2026-04-09 13:54:01 Success for Town 4, vacancy category Нейросети / Искусственный интеллект, page 1
2026-04-09 13:54:02 Sending request to API vacancies
2026-04-09 13:54:02 Sending request to API vacancies
2026-04-09 13:54:04 Success for Town 4, vacancy category Нейросети / Искусственный интеллект, page 0
2026-04-09 13:54:04 Sending request to API vacancies
2026-04-09 13:54:06 Success for Town 4, vacancy category Нейросети / Искусственный интеллект, page 1
2026-04-09 13:54:06 Sending request to API vacancies
2026-04-09 13:54:07 Sending request to API vacancies
2026-04-09 13:54:09 Success for Town 4, vacancy category Нейросети / Искусственный интеллект, page 0
2026-04-09 13:54:09 Sending request to API vacancies
2026-04-09 13:54:10 Success for Town 4, vacancy category Нейросети / Искусственный интеллект, page 1
2026-04-09 13:54:10 Sending request to API vacancies
2026-04-09 13:54:11 Sending request to API vacancies
2026-04-09 13:54:12 Sending request to API vacancies
2026-04-09 13:54:16 Success for Town 4, vacancy category Оптимизация, SEO, page 0
2026-04-09 13:54:16 Sending request to API vacancies
2026-04-09 13:54:17 Success for Town 4, vacancy category Оптимизация, SEO, page 1
2026-04-09 13:54:17 Sending request to API vacancies
2026-04-09 13:54:18 Sending request to API vacancies
2026-04-09 13:54:19 Success for Town 4, vacancy category Оптимизация, SEO, page 0
2026-04-09 13:54:19 Sending request to API vacancies
2026-04-09 13:54:21 Success for Town 4, vacancy category Оптимизация, SEO, page 1
2026-04-09 13:54:21 Sending request to API vacancies
2026-04-09 13:54:21 Sending request to API vacancies
2026-04-09 13:54:23 Success for Town 4, vacancy category Оптимизация, SEO, page 0
2026-04-09 13:54:23 Sending request to API vacancies
2026-04-09 13:54:24 Success for Town 4, vacancy category Оптимизация, SEO, page 1
2026-04-09 13:54:24 Sending request to API vacancies
2026-04-09 13:54:25 Sending request to API vacancies
2026-04-09 13:54:25 Sending request to API vacancies
2026-04-09 13:54:27 Success for Town 4, vacancy category Передача данных и доступ в интернет, page 0
2026-04-09 13:54:27 Sending request to API vacancies
2026-04-09 13:54:28 Success for Town 4, vacancy category Передача данных и доступ в интернет, page 1
2026-04-09 13:54:28 Sending request to API vacancies
2026-04-09 13:54:29 Sending request to API vacancies
2026-04-09 13:54:31 Success for Town 4, vacancy category Передача данных и доступ в интернет, page 0
2026-04-09 13:54:31 Sending request to API vacancies
2026-04-09 13:54:32 Success for Town 4, vacancy category Передача данных и доступ в интернет, page 1
2026-04-09 13:54:32 Sending request to API vacancies
2026-04-09 13:54:33 Sending request to API vacancies
2026-04-09 13:54:35 Success for Town 4, vacancy category Передача данных и доступ в интернет, page 0
2026-04-09 13:54:35 Sending request to API vacancies
2026-04-09 13:54:37 Success for Town 4, vacancy category Передача данных и доступ в интернет, page 1
2026-04-09 13:54:37 Sending request to API vacancies
2026-04-09 13:54:39 Sending request to API vacancies
2026-04-09 13:54:39 Sending request to API vacancies
2026-04-09 13:54:40 Success for Town 4, vacancy category Разработка и сопровождение банковского ПО, page 0
2026-04-09 13:54:41 Sending request to API vacancies
2026-04-09 13:54:41 Success for Town 4, vacancy category Разработка и сопровождение банковского ПО, page 1
2026-04-09 13:54:42 Sending request to API vacancies
2026-04-09 13:54:43 Sending request to API vacancies
2026-04-09 13:54:44 Success for Town 4, vacancy category Разработка и сопровождение банковского ПО, page 0
2026-04-09 13:54:44 Sending request to API vacancies
2026-04-09 13:54:45 Success for Town 4, vacancy category Разработка и сопровождение банковского ПО, page 1
2026-04-09 13:54:46 Sending request to API vacancies
2026-04-09 13:54:46 Sending request to API vacancies
2026-04-09 13:54:48 Success for Town 4, vacancy category Разработка и сопровождение банковского ПО, page 0
2026-04-09 13:54:48 Sending request to API vacancies
2026-04-09 13:54:49 Success for Town 4, vacancy category Разработка и сопровождение банковского ПО, page 1
2026-04-09 13:54:49 Sending request to API vacancies
2026-04-09 13:54:49 Sending request to API vacancies
2026-04-09 13:54:50 Sending request to API vacancies
2026-04-09 13:54:52 Success for Town 4, vacancy category Разработка, программирование, page 0
2026-04-09 13:54:52 Sending request to API vacancies
2026-04-09 13:54:53 Success for Town 4, vacancy category Разработка, программирование, page 1
2026-04-09 13:54:53 Sending request to API vacancies
2026-04-09 13:54:53 Sending request to API vacancies
2026-04-09 13:54:55 Success for Town 4, vacancy category Разработка, программирование, page 0
2026-04-09 13:54:55 Sending request to API vacancies
2026-04-09 13:54:57 Success for Town 4, vacancy category Разработка, программирование, page 1
2026-04-09 13:54:57 Sending request to API vacancies
2026-04-09 13:54:58 Sending request to API vacancies
2026-04-09 13:54:59 Success for Town 4, vacancy category Разработка, программирование, page 0
2026-04-09 13:54:59 Sending request to API vacancies
2026-04-09 13:55:00 Success for Town 4, vacancy category Разработка, программирование, page 1
2026-04-09 13:55:00 Sending request to API vacancies
2026-04-09 13:55:01 Sending request to API vacancies
2026-04-09 13:55:02 Sending request to API vacancies
2026-04-09 13:55:04 Success for Town 4, vacancy category Сетевые технологии, page 0
2026-04-09 13:55:04 Sending request to API vacancies
2026-04-09 13:55:05 Success for Town 4, vacancy category Сетевые технологии, page 1
2026-04-09 13:55:06 Sending request to API vacancies
2026-04-09 13:55:06 Sending request to API vacancies
2026-04-09 13:55:10 Success for Town 4, vacancy category Сетевые технологии, page 0
2026-04-09 13:55:10 Sending request to API vacancies
2026-04-09 13:55:13 Success for Town 4, vacancy category Сетевые технологии, page 1
2026-04-09 13:55:13 Sending request to API vacancies
2026-04-09 13:55:13 Sending request to API vacancies
2026-04-09 13:55:15 Success for Town 4, vacancy category Сетевые технологии, page 0
2026-04-09 13:55:15 Sending request to API vacancies
2026-04-09 13:55:16 Success for Town 4, vacancy category Сетевые технологии, page 1
2026-04-09 13:55:16 Sending request to API vacancies
2026-04-09 13:55:16 Sending request to API vacancies
2026-04-09 13:55:17 Sending request to API vacancies
2026-04-09 13:55:18 Success for Town 4, vacancy category Системная интеграция, page 0
2026-04-09 13:55:19 Sending request to API vacancies
2026-04-09 13:55:20 Success for Town 4, vacancy category Системная интеграция, page 1
2026-04-09 13:55:20 Sending request to API vacancies
2026-04-09 13:55:20 Sending request to API vacancies
2026-04-09 13:55:23 Success for Town 4, vacancy category Системная интеграция, page 0
2026-04-09 13:55:23 Sending request to API vacancies
2026-04-09 13:55:24 Success for Town 4, vacancy category Системная интеграция, page 1
2026-04-09 13:55:25 Sending request to API vacancies
2026-04-09 13:55:25 Sending request to API vacancies
2026-04-09 13:55:27 Success for Town 4, vacancy category Системная интеграция, page 0
2026-04-09 13:55:27 Sending request to API vacancies
2026-04-09 13:55:28 Success for Town 4, vacancy category Системная интеграция, page 1
2026-04-09 13:55:28 Sending request to API vacancies
2026-04-09 13:55:29 Sending request to API vacancies
2026-04-09 13:55:29 Sending request to API vacancies
2026-04-09 13:55:31 Success for Town 4, vacancy category Системное администрирование, page 0
2026-04-09 13:55:31 Sending request to API vacancies
2026-04-09 13:55:32 Success for Town 4, vacancy category Системное администрирование, page 1
2026-04-09 13:55:33 Sending request to API vacancies
2026-04-09 13:55:35 Sending request to API vacancies
2026-04-09 13:55:37 Success for Town 4, vacancy category Системное администрирование, page 0
2026-04-09 13:55:37 Sending request to API vacancies
2026-04-09 13:55:38 Success for Town 4, vacancy category Системное администрирование, page 1
2026-04-09 13:55:38 Sending request to API vacancies
2026-04-09 13:55:39 Sending request to API vacancies
2026-04-09 13:55:40 Success for Town 4, vacancy category Системное администрирование, page 0
2026-04-09 13:55:41 Sending request to API vacancies
2026-04-09 13:55:43 Success for Town 4, vacancy category Системное администрирование, page 1
2026-04-09 13:55:43 Sending request to API vacancies
2026-04-09 13:55:44 Sending request to API vacancies
2026-04-09 13:55:45 Sending request to API vacancies
2026-04-09 13:55:46 Success for Town 4, vacancy category Системы автоматизированного проектирования (САПР), page 0
2026-04-09 13:55:47 Sending request to API vacancies
2026-04-09 13:55:48 Success for Town 4, vacancy category Системы автоматизированного проектирования (САПР), page 1
2026-04-09 13:55:48 Sending request to API vacancies
2026-04-09 13:55:48 Sending request to API vacancies
2026-04-09 13:55:52 Success for Town 4, vacancy category Системы автоматизированного проектирования (САПР), page 0
2026-04-09 13:55:52 Sending request to API vacancies
2026-04-09 13:55:53 Success for Town 4, vacancy category Системы автоматизированного проектирования (САПР), page 1
2026-04-09 13:55:53 Sending request to API vacancies
2026-04-09 13:55:54 Sending request to API vacancies
2026-04-09 13:55:55 Success for Town 4, vacancy category Системы автоматизированного проектирования (САПР), page 0
2026-04-09 13:55:56 Sending request to API vacancies
2026-04-09 13:55:56 Success for Town 4, vacancy category Системы автоматизированного проектирования (САПР), page 1
2026-04-09 13:55:57 Sending request to API vacancies
2026-04-09 13:55:57 Sending request to API vacancies
2026-04-09 13:55:58 Sending request to API vacancies
2026-04-09 13:56:01 Success for Town 4, vacancy category Системы управления предприятием (ERP), page 0
2026-04-09 13:56:01 Sending request to API vacancies
2026-04-09 13:56:02 Success for Town 4, vacancy category Системы управления предприятием (ERP), page 1
2026-04-09 13:56:02 Sending request to API vacancies
2026-04-09 13:56:03 Sending request to API vacancies
2026-04-09 13:56:07 Success for Town 4, vacancy category Системы управления предприятием (ERP), page 0
2026-04-09 13:56:07 Sending request to API vacancies
2026-04-09 13:56:09 Success for Town 4, vacancy category Системы управления предприятием (ERP), page 1
2026-04-09 13:56:10 Sending request to API vacancies
2026-04-09 13:56:10 Sending request to API vacancies
2026-04-09 13:56:12 Success for Town 4, vacancy category Системы управления предприятием (ERP), page 0
2026-04-09 13:56:12 Sending request to API vacancies
2026-04-09 13:56:14 Success for Town 4, vacancy category Системы управления предприятием (ERP), page 1
2026-04-09 13:56:14 Sending request to API vacancies
2026-04-09 13:56:14 Sending request to API vacancies
2026-04-09 13:56:15 Sending request to API vacancies
2026-04-09 13:56:17 Success for Town 4, vacancy category Сотовые, беспроводные технологии, page 0
2026-04-09 13:56:17 Sending request to API vacancies
2026-04-09 13:56:18 Success for Town 4, vacancy category Сотовые, беспроводные технологии, page 1
2026-04-09 13:56:18 Sending request to API vacancies
2026-04-09 13:56:19 Sending request to API vacancies
2026-04-09 13:56:22 Success for Town 4, vacancy category Сотовые, беспроводные технологии, page 0
2026-04-09 13:56:23 Sending request to API vacancies
2026-04-09 13:56:24 Success for Town 4, vacancy category Сотовые, беспроводные технологии, page 1
2026-04-09 13:56:24 Sending request to API vacancies
2026-04-09 13:56:24 Sending request to API vacancies
2026-04-09 13:56:26 Success for Town 4, vacancy category Сотовые, беспроводные технологии, page 0
2026-04-09 13:56:27 Sending request to API vacancies
2026-04-09 13:56:28 Success for Town 4, vacancy category Сотовые, беспроводные технологии, page 1
2026-04-09 13:56:28 Sending request to API vacancies
2026-04-09 13:56:28 Sending request to API vacancies
2026-04-09 13:56:29 Sending request to API vacancies
2026-04-09 13:56:31 Success for Town 4, vacancy category Телекоммуникации и связь, page 0
2026-04-09 13:56:31 Sending request to API vacancies
2026-04-09 13:56:32 Success for Town 4, vacancy category Телекоммуникации и связь, page 1
2026-04-09 13:56:32 Sending request to API vacancies
2026-04-09 13:56:33 Sending request to API vacancies
2026-04-09 13:56:34 Success for Town 4, vacancy category Телекоммуникации и связь, page 0
2026-04-09 13:56:35 Sending request to API vacancies
2026-04-09 13:56:36 Success for Town 4, vacancy category Телекоммуникации и связь, page 1
2026-04-09 13:56:36 Sending request to API vacancies
2026-04-09 13:56:36 Sending request to API vacancies
2026-04-09 13:56:40 Success for Town 4, vacancy category Телекоммуникации и связь, page 0
2026-04-09 13:56:40 Sending request to API vacancies
2026-04-09 13:56:41 Success for Town 4, vacancy category Телекоммуникации и связь, page 1
2026-04-09 13:56:41 Sending request to API vacancies
2026-04-09 13:56:43 Sending request to API vacancies
2026-04-09 13:56:43 Sending request to API vacancies
2026-04-09 13:56:45 Success for Town 4, vacancy category Тестирование, QA, page 0
2026-04-09 13:56:45 Sending request to API vacancies
2026-04-09 13:56:47 Success for Town 4, vacancy category Тестирование, QA, page 1
2026-04-09 13:56:48 Sending request to API vacancies
2026-04-09 13:56:48 Sending request to API vacancies
2026-04-09 13:56:50 Success for Town 4, vacancy category Тестирование, QA, page 0
2026-04-09 13:56:50 Sending request to API vacancies
2026-04-09 13:56:51 Success for Town 4, vacancy category Тестирование, QA, page 1
2026-04-09 13:56:52 Sending request to API vacancies
2026-04-09 13:56:52 Sending request to API vacancies
2026-04-09 13:56:54 Success for Town 4, vacancy category Тестирование, QA, page 0
2026-04-09 13:56:54 Sending request to API vacancies
2026-04-09 13:56:55 Success for Town 4, vacancy category Тестирование, QA, page 1
2026-04-09 13:56:55 Sending request to API vacancies
2026-04-09 13:56:56 Sending request to API vacancies
2026-04-09 13:56:56 Sending request to API vacancies
2026-04-09 13:56:58 Success for Town 4, vacancy category Техническая документация, page 0
2026-04-09 13:56:58 Sending request to API vacancies
2026-04-09 13:56:59 Success for Town 4, vacancy category Техническая документация, page 1
2026-04-09 13:56:59 Sending request to API vacancies
2026-04-09 13:57:00 Sending request to API vacancies
2026-04-09 13:57:04 Success for Town 4, vacancy category Техническая документация, page 0
2026-04-09 13:57:05 Sending request to API vacancies
2026-04-09 13:57:08 Success for Town 4, vacancy category Техническая документация, page 1
2026-04-09 13:57:08 Sending request to API vacancies
2026-04-09 13:57:08 Sending request to API vacancies
2026-04-09 13:57:10 Success for Town 4, vacancy category Техническая документация, page 0
2026-04-09 13:57:10 Sending request to API vacancies
2026-04-09 13:57:11 Success for Town 4, vacancy category Техническая документация, page 1
2026-04-09 13:57:11 Sending request to API vacancies
2026-04-09 13:57:11 Sending request to API vacancies
2026-04-09 13:57:12 Sending request to API vacancies
2026-04-09 13:57:15 Success for Town 4, vacancy category Техническая поддержка, page 0
2026-04-09 13:57:15 Sending request to API vacancies
2026-04-09 13:57:17 Success for Town 4, vacancy category Техническая поддержка, page 1
2026-04-09 13:57:17 Sending request to API vacancies
2026-04-09 13:57:20 Sending request to API vacancies
2026-04-09 13:57:24 Success for Town 4, vacancy category Техническая поддержка, page 0
2026-04-09 13:57:24 Sending request to API vacancies
2026-04-09 13:57:25 Success for Town 4, vacancy category Техническая поддержка, page 1
2026-04-09 13:57:26 Sending request to API vacancies
2026-04-09 13:57:26 Sending request to API vacancies
2026-04-09 13:57:28 Success for Town 4, vacancy category Техническая поддержка, page 0
2026-04-09 13:57:28 Sending request to API vacancies
2026-04-09 13:57:29 Success for Town 4, vacancy category Техническая поддержка, page 1
2026-04-09 13:57:29 Sending request to API vacancies
2026-04-09 13:57:30 Sending request to API vacancies
2026-04-09 13:57:30 Sending request to API vacancies
2026-04-09 13:57:34 Success for Town 4, vacancy category Управление продуктом, page 0
2026-04-09 13:57:34 Sending request to API vacancies
2026-04-09 13:57:36 Success for Town 4, vacancy category Управление продуктом, page 1
2026-04-09 13:57:36 Sending request to API vacancies
2026-04-09 13:57:36 Sending request to API vacancies
2026-04-09 13:57:38 Success for Town 4, vacancy category Управление продуктом, page 0
2026-04-09 13:57:38 Sending request to API vacancies
2026-04-09 13:57:40 Success for Town 4, vacancy category Управление продуктом, page 1
2026-04-09 13:57:40 Sending request to API vacancies
2026-04-09 13:57:40 Sending request to API vacancies
2026-04-09 13:57:42 Success for Town 4, vacancy category Управление продуктом, page 0
2026-04-09 13:57:42 Sending request to API vacancies
2026-04-09 13:57:43 Success for Town 4, vacancy category Управление продуктом, page 1
2026-04-09 13:57:43 Sending request to API vacancies
2026-04-09 13:57:44 Sending request to API vacancies
2026-04-09 13:57:45 Sending request to API vacancies
2026-04-09 13:57:46 Success for Town 4, vacancy category Управление проектами, page 0
2026-04-09 13:57:46 Sending request to API vacancies
2026-04-09 13:57:47 Success for Town 4, vacancy category Управление проектами, page 1
2026-04-09 13:57:47 Sending request to API vacancies
2026-04-09 13:57:48 Sending request to API vacancies
2026-04-09 13:57:50 Success for Town 4, vacancy category Управление проектами, page 0
2026-04-09 13:57:50 Sending request to API vacancies
2026-04-09 13:57:54 Success for Town 4, vacancy category Управление проектами, page 1
2026-04-09 13:57:54 Sending request to API vacancies
2026-04-09 13:57:54 Sending request to API vacancies
2026-04-09 13:57:56 Success for Town 4, vacancy category Управление проектами, page 0
2026-04-09 13:57:56 Sending request to API vacancies
2026-04-09 13:57:58 Success for Town 4, vacancy category Управление проектами, page 1
2026-04-09 13:57:58 Sending request to API vacancies
2026-04-09 13:57:58 Sending request to API vacancies
2026-04-09 13:57:59 Sending request to API vacancies
2026-04-09 13:58:00 Success for Town 4, vacancy category Управление разработкой, page 0
2026-04-09 13:58:00 Sending request to API vacancies
2026-04-09 13:58:02 Success for Town 4, vacancy category Управление разработкой, page 1
2026-04-09 13:58:02 Sending request to API vacancies
2026-04-09 13:58:03 Sending request to API vacancies
2026-04-09 13:58:08 Success for Town 4, vacancy category Управление разработкой, page 0
2026-04-09 13:58:08 Sending request to API vacancies
2026-04-09 13:58:09 Success for Town 4, vacancy category Управление разработкой, page 1
2026-04-09 13:58:09 Sending request to API vacancies
2026-04-09 13:58:10 Sending request to API vacancies
2026-04-09 13:58:11 Success for Town 4, vacancy category Управление разработкой, page 0
2026-04-09 13:58:11 Sending request to API vacancies
2026-04-09 13:58:12 Success for Town 4, vacancy category Управление разработкой, page 1
2026-04-09 13:58:12 Sending request to API vacancies
2026-04-09 13:58:13 Sending request to API vacancies
2026-04-09 13:58:13 Sending request to API vacancies
2026-04-09 13:58:17 Success for Town 4, vacancy category Юзабилити, page 0
2026-04-09 13:58:18 Sending request to API vacancies
2026-04-09 13:58:21 Success for Town 4, vacancy category Юзабилити, page 1
2026-04-09 13:58:21 Sending request to API vacancies
2026-04-09 13:58:22 Sending request to API vacancies
2026-04-09 13:58:23 Success for Town 4, vacancy category Юзабилити, page 0
2026-04-09 13:58:23 Sending request to API vacancies
2026-04-09 13:58:27 Success for Town 4, vacancy category Юзабилити, page 1
2026-04-09 13:58:27 Sending request to API vacancies
2026-04-09 13:58:27 Sending request to API vacancies
2026-04-09 13:58:29 Success for Town 4, vacancy category Юзабилити, page 0
2026-04-09 13:58:29 Sending request to API vacancies
2026-04-09 13:58:29 Success for Town 4, vacancy category Юзабилити, page 1
2026-04-09 13:58:30 Sending request to API vacancies
2026-04-09 13:58:30 Sending request to API vacancies
2026-04-09 13:58:31 Sending request to API vacancies
2026-04-09 13:58:32 Success for Town 4, vacancy category Другое, page 0
2026-04-09 13:58:32 Sending request to API vacancies
2026-04-09 13:58:33 Success for Town 4, vacancy category Другое, page 1
2026-04-09 13:58:34 Sending request to API vacancies
2026-04-09 13:58:34 Sending request to API vacancies
2026-04-09 13:58:37 Success for Town 4, vacancy category Другое, page 0
2026-04-09 13:58:37 Sending request to API vacancies
2026-04-09 13:58:39 Success for Town 4, vacancy category Другое, page 1
2026-04-09 13:58:39 Sending request to API vacancies
2026-04-09 13:58:40 Sending request to API vacancies
2026-04-09 13:58:41 Success for Town 4, vacancy category Другое, page 0
2026-04-09 13:58:42 Sending request to API vacancies
2026-04-09 13:58:42 Success for Town 4, vacancy category Другое, page 1
2026-04-09 13:58:43 Sending request to API vacancies
2026-04-09 13:58:43 Sending request to API vacancies
2026-04-09 13:58:44 Sending request to API vacancies
2026-04-09 13:58:46 Success for Town 4, vacancy category Начало карьеры, мало опыта, page 0
2026-04-09 13:58:47 Sending request to API vacancies
2026-04-09 13:58:47 Success for Town 4, vacancy category Начало карьеры, мало опыта, page 1
2026-04-09 13:58:48 Sending request to API vacancies
2026-04-09 13:58:48 Sending request to API vacancies
2026-04-09 13:58:50 Success for Town 4, vacancy category Начало карьеры, мало опыта, page 0
2026-04-09 13:58:50 Sending request to API vacancies
2026-04-09 13:58:53 Success for Town 4, vacancy category Начало карьеры, мало опыта, page 1
2026-04-09 13:58:53 Sending request to API vacancies
2026-04-09 13:58:55 Sending request to API vacancies
2026-04-09 13:58:56 Success for Town 4, vacancy category Начало карьеры, мало опыта, page 0
2026-04-09 13:58:56 Sending request to API vacancies
2026-04-09 13:58:57 Success for Town 4, vacancy category Начало карьеры, мало опыта, page 1
2026-04-09 13:58:57 Sending request to API vacancies
2026-04-09 13:58:58 Sending request to API vacancies
2026-04-09 13:58:58 Sending request to API vacancies
2026-04-09 13:58:59 Success for Town 14, vacancy category AI, page 0
2026-04-09 13:59:00 Sending request to API vacancies
2026-04-09 13:59:00 Sending request to API vacancies
2026-04-09 13:59:03 Success for Town 14, vacancy category AI, page 0
2026-04-09 13:59:03 Sending request to API vacancies
2026-04-09 13:59:04 Sending request to API vacancies
2026-04-09 13:59:06 Success for Town 14, vacancy category AI, page 0
2026-04-09 13:59:06 Sending request to API vacancies
2026-04-09 13:59:07 Sending request to API vacancies
2026-04-09 13:59:07 Success for Town 14, vacancy category AI, page 0
2026-04-09 13:59:08 Sending request to API vacancies
2026-04-09 13:59:08 Sending request to API vacancies
2026-04-09 13:59:09 Success for Town 14, vacancy category CRM-системы, page 0
2026-04-09 13:59:09 Sending request to API vacancies
2026-04-09 13:59:10 Sending request to API vacancies
2026-04-09 13:59:12 Success for Town 14, vacancy category CRM-системы, page 0
2026-04-09 13:59:12 Sending request to API vacancies
2026-04-09 13:59:12 Sending request to API vacancies
2026-04-09 13:59:14 Success for Town 14, vacancy category CRM-системы, page 0
2026-04-09 13:59:14 Sending request to API vacancies
2026-04-09 13:59:14 Sending request to API vacancies
2026-04-09 13:59:15 Success for Town 14, vacancy category CRM-системы, page 0
2026-04-09 13:59:16 Sending request to API vacancies
2026-04-09 13:59:16 Sending request to API vacancies
2026-04-09 13:59:17 Success for Town 14, vacancy category Data Science, page 0
2026-04-09 13:59:17 Sending request to API vacancies
2026-04-09 13:59:18 Sending request to API vacancies
2026-04-09 13:59:21 Success for Town 14, vacancy category Data Science, page 0
2026-04-09 13:59:21 Sending request to API vacancies
2026-04-09 13:59:22 Sending request to API vacancies
2026-04-09 13:59:23 Success for Town 14, vacancy category Data Science, page 0
2026-04-09 13:59:24 Sending request to API vacancies
2026-04-09 13:59:25 Sending request to API vacancies
2026-04-09 13:59:26 Success for Town 14, vacancy category Data Science, page 0
2026-04-09 13:59:26 Sending request to API vacancies
2026-04-09 13:59:26 Sending request to API vacancies
2026-04-09 13:59:27 Success for Town 14, vacancy category DevOps, page 0
2026-04-09 13:59:27 Sending request to API vacancies
2026-04-09 13:59:28 Sending request to API vacancies
2026-04-09 13:59:30 Success for Town 14, vacancy category DevOps, page 0
2026-04-09 13:59:30 Sending request to API vacancies
2026-04-09 13:59:30 Sending request to API vacancies
2026-04-09 13:59:31 Success for Town 14, vacancy category DevOps, page 0
2026-04-09 13:59:31 Sending request to API vacancies
2026-04-09 13:59:32 Sending request to API vacancies
2026-04-09 13:59:32 Success for Town 14, vacancy category DevOps, page 0
2026-04-09 13:59:33 Sending request to API vacancies
2026-04-09 13:59:33 Sending request to API vacancies
2026-04-09 13:59:34 Success for Town 14, vacancy category SRE, page 0
2026-04-09 13:59:34 Sending request to API vacancies
2026-04-09 13:59:35 Sending request to API vacancies
2026-04-09 13:59:36 Success for Town 14, vacancy category SRE, page 0
2026-04-09 13:59:36 Sending request to API vacancies
2026-04-09 13:59:37 Sending request to API vacancies
2026-04-09 13:59:38 Success for Town 14, vacancy category SRE, page 0
2026-04-09 13:59:38 Sending request to API vacancies
2026-04-09 13:59:39 Sending request to API vacancies
2026-04-09 13:59:39 Success for Town 14, vacancy category SRE, page 0
2026-04-09 13:59:40 Sending request to API vacancies
2026-04-09 13:59:40 Sending request to API vacancies
2026-04-09 13:59:41 Success for Town 14, vacancy category Web-верстка, page 0
2026-04-09 13:59:42 Sending request to API vacancies
2026-04-09 13:59:42 Sending request to API vacancies
2026-04-09 13:59:43 Success for Town 14, vacancy category Web-верстка, page 0
2026-04-09 13:59:43 Sending request to API vacancies
2026-04-09 13:59:44 Sending request to API vacancies
2026-04-09 13:59:45 Success for Town 14, vacancy category Web-верстка, page 0
2026-04-09 13:59:45 Sending request to API vacancies
2026-04-09 13:59:46 Sending request to API vacancies
2026-04-09 13:59:47 Success for Town 14, vacancy category Web-верстка, page 0
2026-04-09 13:59:47 Sending request to API vacancies
2026-04-09 13:59:48 Sending request to API vacancies
2026-04-09 13:59:50 Success for Town 14, vacancy category Администрирование баз данных, page 0
2026-04-09 13:59:50 Sending request to API vacancies
2026-04-09 13:59:50 Sending request to API vacancies
2026-04-09 13:59:52 Success for Town 14, vacancy category Администрирование баз данных, page 0
2026-04-09 13:59:52 Sending request to API vacancies
2026-04-09 13:59:53 Sending request to API vacancies
2026-04-09 13:59:56 Success for Town 14, vacancy category Администрирование баз данных, page 0
2026-04-09 13:59:56 Sending request to API vacancies
2026-04-09 13:59:57 Sending request to API vacancies
2026-04-09 13:59:58 Success for Town 14, vacancy category Администрирование баз данных, page 0
2026-04-09 13:59:58 Sending request to API vacancies
2026-04-09 13:59:58 Sending request to API vacancies
2026-04-09 13:59:59 Success for Town 14, vacancy category Аналитика, page 0
2026-04-09 14:00:00 Sending request to API vacancies
2026-04-09 14:00:00 Sending request to API vacancies
2026-04-09 14:00:02 Success for Town 14, vacancy category Аналитика, page 0
2026-04-09 14:00:02 Sending request to API vacancies
2026-04-09 14:00:03 Sending request to API vacancies
2026-04-09 14:00:06 Success for Town 14, vacancy category Аналитика, page 0
2026-04-09 14:00:06 Sending request to API vacancies
2026-04-09 14:00:07 Sending request to API vacancies
2026-04-09 14:00:08 Success for Town 14, vacancy category Аналитика, page 0
2026-04-09 14:00:08 Sending request to API vacancies
2026-04-09 14:00:09 Sending request to API vacancies
2026-04-09 14:00:10 Success for Town 14, vacancy category Внедрение и сопровождение ПО, page 0
2026-04-09 14:00:10 Sending request to API vacancies
2026-04-09 14:00:10 Sending request to API vacancies
2026-04-09 14:00:12 Success for Town 14, vacancy category Внедрение и сопровождение ПО, page 0
2026-04-09 14:00:12 Sending request to API vacancies
2026-04-09 14:00:13 Sending request to API vacancies
2026-04-09 14:00:14 Success for Town 14, vacancy category Внедрение и сопровождение ПО, page 0
2026-04-09 14:00:14 Sending request to API vacancies
2026-04-09 14:00:15 Sending request to API vacancies
2026-04-09 14:00:15 Success for Town 14, vacancy category Внедрение и сопровождение ПО, page 0
2026-04-09 14:00:15 Sending request to API vacancies
2026-04-09 14:00:16 Sending request to API vacancies
2026-04-09 14:00:17 Success for Town 14, vacancy category Игровое ПО / Геймдев, page 0
2026-04-09 14:00:17 Sending request to API vacancies
2026-04-09 14:00:18 Sending request to API vacancies
2026-04-09 14:00:19 Success for Town 14, vacancy category Игровое ПО / Геймдев, page 0
2026-04-09 14:00:20 Sending request to API vacancies
2026-04-09 14:00:20 Sending request to API vacancies
2026-04-09 14:00:21 Success for Town 14, vacancy category Игровое ПО / Геймдев, page 0
2026-04-09 14:00:22 Sending request to API vacancies
2026-04-09 14:00:22 Sending request to API vacancies
2026-04-09 14:00:23 Success for Town 14, vacancy category Игровое ПО / Геймдев, page 0
2026-04-09 14:00:23 Sending request to API vacancies
2026-04-09 14:00:26 Sending request to API vacancies
2026-04-09 14:00:27 Success for Town 14, vacancy category Инжиниринг, page 0
2026-04-09 14:00:27 Sending request to API vacancies
2026-04-09 14:00:28 Sending request to API vacancies
2026-04-09 14:00:32 Success for Town 14, vacancy category Инжиниринг, page 0
2026-04-09 14:00:32 Sending request to API vacancies
2026-04-09 14:00:32 Sending request to API vacancies
2026-04-09 14:00:33 Success for Town 14, vacancy category Инжиниринг, page 0
2026-04-09 14:00:34 Sending request to API vacancies
2026-04-09 14:00:34 Sending request to API vacancies
2026-04-09 14:00:35 Success for Town 14, vacancy category Инжиниринг, page 0
2026-04-09 14:00:35 Sending request to API vacancies
2026-04-09 14:00:35 Sending request to API vacancies
2026-04-09 14:00:36 Success for Town 14, vacancy category Интернет, создание и поддержка сайтов, page 0
2026-04-09 14:00:37 Sending request to API vacancies
2026-04-09 14:00:37 Sending request to API vacancies
2026-04-09 14:00:40 Success for Town 14, vacancy category Интернет, создание и поддержка сайтов, page 0
2026-04-09 14:00:40 Sending request to API vacancies
2026-04-09 14:00:41 Sending request to API vacancies
2026-04-09 14:00:42 Success for Town 14, vacancy category Интернет, создание и поддержка сайтов, page 0
2026-04-09 14:00:42 Sending request to API vacancies
2026-04-09 14:00:43 Sending request to API vacancies
2026-04-09 14:00:43 Success for Town 14, vacancy category Интернет, создание и поддержка сайтов, page 0
2026-04-09 14:00:43 Sending request to API vacancies
2026-04-09 14:00:44 Sending request to API vacancies
2026-04-09 14:00:45 Success for Town 14, vacancy category Информационная безопасность, page 0
2026-04-09 14:00:45 Sending request to API vacancies
2026-04-09 14:00:46 Sending request to API vacancies
2026-04-09 14:00:47 Success for Town 14, vacancy category Информационная безопасность, page 0
2026-04-09 14:00:47 Sending request to API vacancies
2026-04-09 14:00:48 Sending request to API vacancies
2026-04-09 14:00:49 Success for Town 14, vacancy category Информационная безопасность, page 0
2026-04-09 14:00:49 Sending request to API vacancies
2026-04-09 14:00:50 Sending request to API vacancies
2026-04-09 14:00:51 Success for Town 14, vacancy category Информационная безопасность, page 0
2026-04-09 14:00:51 Sending request to API vacancies
2026-04-09 14:00:51 Sending request to API vacancies
2026-04-09 14:00:52 Success for Town 14, vacancy category Киберспорт, page 0
2026-04-09 14:00:52 Sending request to API vacancies
2026-04-09 14:00:53 Sending request to API vacancies
2026-04-09 14:00:54 Success for Town 14, vacancy category Киберспорт, page 0
2026-04-09 14:00:54 Sending request to API vacancies
2026-04-09 14:00:55 Sending request to API vacancies
2026-04-09 14:00:58 Success for Town 14, vacancy category Киберспорт, page 0
2026-04-09 14:00:58 Sending request to API vacancies
2026-04-09 14:00:59 Sending request to API vacancies
2026-04-09 14:01:00 Success for Town 14, vacancy category Киберспорт, page 0
2026-04-09 14:01:00 Sending request to API vacancies
2026-04-09 14:01:01 Sending request to API vacancies
2026-04-09 14:01:02 Success for Town 14, vacancy category Компьютерная анимация и мультимедиа, page 0
2026-04-09 14:01:02 Sending request to API vacancies
2026-04-09 14:01:02 Sending request to API vacancies
2026-04-09 14:01:04 Success for Town 14, vacancy category Компьютерная анимация и мультимедиа, page 0
2026-04-09 14:01:04 Sending request to API vacancies
2026-04-09 14:01:05 Sending request to API vacancies
2026-04-09 14:01:07 Success for Town 14, vacancy category Компьютерная анимация и мультимедиа, page 0
2026-04-09 14:01:07 Sending request to API vacancies
2026-04-09 14:01:08 Sending request to API vacancies
2026-04-09 14:01:09 Success for Town 14, vacancy category Компьютерная анимация и мультимедиа, page 0
2026-04-09 14:01:10 Sending request to API vacancies
2026-04-09 14:01:10 Sending request to API vacancies
2026-04-09 14:01:11 Success for Town 14, vacancy category Контент, page 0
2026-04-09 14:01:11 Sending request to API vacancies
2026-04-09 14:01:12 Sending request to API vacancies
2026-04-09 14:01:13 Success for Town 14, vacancy category Контент, page 0
2026-04-09 14:01:13 Sending request to API vacancies
2026-04-09 14:01:14 Sending request to API vacancies
2026-04-09 14:01:16 Success for Town 14, vacancy category Контент, page 0
2026-04-09 14:01:16 Sending request to API vacancies
2026-04-09 14:01:16 Sending request to API vacancies
2026-04-09 14:01:17 Success for Town 14, vacancy category Контент, page 0
2026-04-09 14:01:17 Sending request to API vacancies
2026-04-09 14:01:18 Sending request to API vacancies
2026-04-09 14:01:19 Success for Town 14, vacancy category Мобильная разработка, page 0
2026-04-09 14:01:19 Sending request to API vacancies
2026-04-09 14:01:19 Sending request to API vacancies
2026-04-09 14:01:21 Success for Town 14, vacancy category Мобильная разработка, page 0
2026-04-09 14:01:21 Sending request to API vacancies
2026-04-09 14:01:21 Sending request to API vacancies
2026-04-09 14:01:23 Success for Town 14, vacancy category Мобильная разработка, page 0
2026-04-09 14:01:23 Sending request to API vacancies
2026-04-09 14:01:23 Sending request to API vacancies
2026-04-09 14:01:24 Success for Town 14, vacancy category Мобильная разработка, page 0
2026-04-09 14:01:24 Sending request to API vacancies
2026-04-09 14:01:25 Sending request to API vacancies
2026-04-09 14:01:26 Success for Town 14, vacancy category Нейросети / Искусственный интеллект, page 0
2026-04-09 14:01:26 Sending request to API vacancies
2026-04-09 14:01:27 Sending request to API vacancies
2026-04-09 14:01:29 Success for Town 14, vacancy category Нейросети / Искусственный интеллект, page 0
2026-04-09 14:01:29 Sending request to API vacancies
2026-04-09 14:01:30 Sending request to API vacancies
2026-04-09 14:01:32 Success for Town 14, vacancy category Нейросети / Искусственный интеллект, page 0
2026-04-09 14:01:32 Sending request to API vacancies
2026-04-09 14:01:32 Sending request to API vacancies
2026-04-09 14:01:33 Success for Town 14, vacancy category Нейросети / Искусственный интеллект, page 0
2026-04-09 14:01:33 Sending request to API vacancies
2026-04-09 14:01:34 Sending request to API vacancies
2026-04-09 14:01:36 Success for Town 14, vacancy category Оптимизация, SEO, page 0
2026-04-09 14:01:36 Sending request to API vacancies
2026-04-09 14:01:37 Sending request to API vacancies
2026-04-09 14:01:38 Success for Town 14, vacancy category Оптимизация, SEO, page 0
2026-04-09 14:01:38 Sending request to API vacancies
2026-04-09 14:01:39 Sending request to API vacancies
2026-04-09 14:01:40 Success for Town 14, vacancy category Оптимизация, SEO, page 0
2026-04-09 14:01:40 Sending request to API vacancies
2026-04-09 14:01:41 Sending request to API vacancies
2026-04-09 14:01:41 Success for Town 14, vacancy category Оптимизация, SEO, page 0
2026-04-09 14:01:42 Sending request to API vacancies
2026-04-09 14:01:42 Sending request to API vacancies
2026-04-09 14:01:43 Success for Town 14, vacancy category Передача данных и доступ в интернет, page 0
2026-04-09 14:01:43 Sending request to API vacancies
2026-04-09 14:01:44 Sending request to API vacancies
2026-04-09 14:01:46 Success for Town 14, vacancy category Передача данных и доступ в интернет, page 0
2026-04-09 14:01:46 Sending request to API vacancies
2026-04-09 14:01:46 Sending request to API vacancies
2026-04-09 14:01:47 Success for Town 14, vacancy category Передача данных и доступ в интернет, page 0
2026-04-09 14:01:48 Sending request to API vacancies
2026-04-09 14:01:48 Sending request to API vacancies
2026-04-09 14:01:50 Success for Town 14, vacancy category Передача данных и доступ в интернет, page 0
2026-04-09 14:01:50 Sending request to API vacancies
2026-04-09 14:01:51 Sending request to API vacancies
2026-04-09 14:01:52 Success for Town 14, vacancy category Разработка и сопровождение банковского ПО, page 0
2026-04-09 14:01:52 Sending request to API vacancies
2026-04-09 14:01:53 Sending request to API vacancies
2026-04-09 14:01:54 Success for Town 14, vacancy category Разработка и сопровождение банковского ПО, page 0
2026-04-09 14:01:54 Sending request to API vacancies
2026-04-09 14:01:55 Sending request to API vacancies
2026-04-09 14:01:56 Success for Town 14, vacancy category Разработка и сопровождение банковского ПО, page 0
2026-04-09 14:01:56 Sending request to API vacancies
2026-04-09 14:01:57 Sending request to API vacancies
2026-04-09 14:01:58 Success for Town 14, vacancy category Разработка и сопровождение банковского ПО, page 0
2026-04-09 14:01:58 Sending request to API vacancies
2026-04-09 14:01:59 Sending request to API vacancies
2026-04-09 14:02:01 Success for Town 14, vacancy category Разработка, программирование, page 0
2026-04-09 14:02:01 Sending request to API vacancies
2026-04-09 14:02:03 Sending request to API vacancies
2026-04-09 14:02:05 Success for Town 14, vacancy category Разработка, программирование, page 0
2026-04-09 14:02:05 Sending request to API vacancies
2026-04-09 14:02:06 Sending request to API vacancies
2026-04-09 14:02:08 Success for Town 14, vacancy category Разработка, программирование, page 0
2026-04-09 14:02:08 Sending request to API vacancies
2026-04-09 14:02:08 Sending request to API vacancies
2026-04-09 14:02:09 Success for Town 14, vacancy category Разработка, программирование, page 0
2026-04-09 14:02:09 Sending request to API vacancies
2026-04-09 14:02:10 Sending request to API vacancies
2026-04-09 14:02:11 Success for Town 14, vacancy category Сетевые технологии, page 0
2026-04-09 14:02:11 Sending request to API vacancies
2026-04-09 14:02:11 Sending request to API vacancies
2026-04-09 14:02:13 Success for Town 14, vacancy category Сетевые технологии, page 0
2026-04-09 14:02:13 Sending request to API vacancies
2026-04-09 14:02:13 Sending request to API vacancies
2026-04-09 14:02:15 Success for Town 14, vacancy category Сетевые технологии, page 0
2026-04-09 14:02:15 Sending request to API vacancies
2026-04-09 14:02:16 Sending request to API vacancies
2026-04-09 14:02:17 Success for Town 14, vacancy category Сетевые технологии, page 0
2026-04-09 14:02:17 Sending request to API vacancies
2026-04-09 14:02:17 Sending request to API vacancies
2026-04-09 14:02:18 Success for Town 14, vacancy category Системная интеграция, page 0
2026-04-09 14:02:19 Sending request to API vacancies
2026-04-09 14:02:19 Sending request to API vacancies
2026-04-09 14:02:21 Success for Town 14, vacancy category Системная интеграция, page 0
2026-04-09 14:02:21 Sending request to API vacancies
2026-04-09 14:02:21 Sending request to API vacancies
2026-04-09 14:02:22 Success for Town 14, vacancy category Системная интеграция, page 0
2026-04-09 14:02:23 Sending request to API vacancies
2026-04-09 14:02:23 Sending request to API vacancies
2026-04-09 14:02:24 Success for Town 14, vacancy category Системная интеграция, page 0
2026-04-09 14:02:24 Sending request to API vacancies
2026-04-09 14:02:25 Sending request to API vacancies
2026-04-09 14:02:25 Success for Town 14, vacancy category Системное администрирование, page 0
2026-04-09 14:02:26 Sending request to API vacancies
2026-04-09 14:02:26 Sending request to API vacancies
2026-04-09 14:02:27 Success for Town 14, vacancy category Системное администрирование, page 0
2026-04-09 14:02:28 Sending request to API vacancies
2026-04-09 14:02:30 Sending request to API vacancies
2026-04-09 14:02:31 Success for Town 14, vacancy category Системное администрирование, page 0
2026-04-09 14:02:31 Sending request to API vacancies
2026-04-09 14:02:32 Sending request to API vacancies
2026-04-09 14:02:34 Success for Town 14, vacancy category Системное администрирование, page 0
2026-04-09 14:02:34 Sending request to API vacancies
2026-04-09 14:02:35 Sending request to API vacancies
2026-04-09 14:02:36 Success for Town 14, vacancy category Системы автоматизированного проектирования (САПР), page 0
2026-04-09 14:02:36 Sending request to API vacancies
2026-04-09 14:02:36 Sending request to API vacancies
2026-04-09 14:02:38 Success for Town 14, vacancy category Системы автоматизированного проектирования (САПР), page 0
2026-04-09 14:02:38 Sending request to API vacancies
2026-04-09 14:02:39 Sending request to API vacancies
2026-04-09 14:02:40 Success for Town 14, vacancy category Системы автоматизированного проектирования (САПР), page 0
2026-04-09 14:02:40 Sending request to API vacancies
2026-04-09 14:02:40 Sending request to API vacancies
2026-04-09 14:02:41 Success for Town 14, vacancy category Системы автоматизированного проектирования (САПР), page 0
2026-04-09 14:02:41 Sending request to API vacancies
2026-04-09 14:02:42 Sending request to API vacancies
2026-04-09 14:02:43 Success for Town 14, vacancy category Системы управления предприятием (ERP), page 0
2026-04-09 14:02:43 Sending request to API vacancies
2026-04-09 14:02:43 Sending request to API vacancies
2026-04-09 14:02:45 Success for Town 14, vacancy category Системы управления предприятием (ERP), page 0
2026-04-09 14:02:45 Sending request to API vacancies
2026-04-09 14:02:46 Sending request to API vacancies
2026-04-09 14:02:47 Success for Town 14, vacancy category Системы управления предприятием (ERP), page 0
2026-04-09 14:02:47 Sending request to API vacancies
2026-04-09 14:02:48 Sending request to API vacancies
2026-04-09 14:02:48 Success for Town 14, vacancy category Системы управления предприятием (ERP), page 0
2026-04-09 14:02:48 Sending request to API vacancies
2026-04-09 14:02:49 Sending request to API vacancies
2026-04-09 14:02:50 Success for Town 14, vacancy category Сотовые, беспроводные технологии, page 0
2026-04-09 14:02:50 Sending request to API vacancies
2026-04-09 14:02:51 Sending request to API vacancies
2026-04-09 14:02:53 Success for Town 14, vacancy category Сотовые, беспроводные технологии, page 0
2026-04-09 14:02:53 Sending request to API vacancies
2026-04-09 14:02:54 Sending request to API vacancies
2026-04-09 14:02:55 Success for Town 14, vacancy category Сотовые, беспроводные технологии, page 0
2026-04-09 14:02:55 Sending request to API vacancies
2026-04-09 14:02:56 Sending request to API vacancies
2026-04-09 14:02:56 Success for Town 14, vacancy category Сотовые, беспроводные технологии, page 0
2026-04-09 14:02:57 Sending request to API vacancies
2026-04-09 14:02:57 Sending request to API vacancies
2026-04-09 14:02:58 Success for Town 14, vacancy category Телекоммуникации и связь, page 0
2026-04-09 14:02:58 Sending request to API vacancies
2026-04-09 14:02:59 Sending request to API vacancies
2026-04-09 14:03:01 Success for Town 14, vacancy category Телекоммуникации и связь, page 0
2026-04-09 14:03:01 Sending request to API vacancies
2026-04-09 14:03:01 Sending request to API vacancies
2026-04-09 14:03:03 Success for Town 14, vacancy category Телекоммуникации и связь, page 0
2026-04-09 14:03:03 Sending request to API vacancies
2026-04-09 14:03:05 Sending request to API vacancies
2026-04-09 14:03:06 Success for Town 14, vacancy category Телекоммуникации и связь, page 0
2026-04-09 14:03:06 Sending request to API vacancies
2026-04-09 14:03:06 Sending request to API vacancies
2026-04-09 14:03:08 Success for Town 14, vacancy category Тестирование, QA, page 0
2026-04-09 14:03:08 Sending request to API vacancies
2026-04-09 14:03:08 Sending request to API vacancies
2026-04-09 14:03:10 Success for Town 14, vacancy category Тестирование, QA, page 0
2026-04-09 14:03:10 Sending request to API vacancies
2026-04-09 14:03:10 Sending request to API vacancies
2026-04-09 14:03:11 Success for Town 14, vacancy category Тестирование, QA, page 0
2026-04-09 14:03:12 Sending request to API vacancies
2026-04-09 14:03:12 Sending request to API vacancies
2026-04-09 14:03:13 Success for Town 14, vacancy category Тестирование, QA, page 0
2026-04-09 14:03:13 Sending request to API vacancies
2026-04-09 14:03:14 Sending request to API vacancies
2026-04-09 14:03:15 Success for Town 14, vacancy category Техническая документация, page 0
2026-04-09 14:03:15 Sending request to API vacancies
2026-04-09 14:03:15 Sending request to API vacancies
2026-04-09 14:03:17 Success for Town 14, vacancy category Техническая документация, page 0
2026-04-09 14:03:17 Sending request to API vacancies
2026-04-09 14:03:17 Sending request to API vacancies
2026-04-09 14:03:18 Success for Town 14, vacancy category Техническая документация, page 0
2026-04-09 14:03:19 Sending request to API vacancies
2026-04-09 14:03:19 Sending request to API vacancies
2026-04-09 14:03:20 Success for Town 14, vacancy category Техническая документация, page 0
2026-04-09 14:03:20 Sending request to API vacancies
2026-04-09 14:03:21 Sending request to API vacancies
2026-04-09 14:03:22 Success for Town 14, vacancy category Техническая поддержка, page 0
2026-04-09 14:03:22 Sending request to API vacancies
2026-04-09 14:03:22 Sending request to API vacancies
2026-04-09 14:03:25 Success for Town 14, vacancy category Техническая поддержка, page 0
2026-04-09 14:03:26 Sending request to API vacancies
2026-04-09 14:03:26 Sending request to API vacancies
2026-04-09 14:03:27 Success for Town 14, vacancy category Техническая поддержка, page 0
2026-04-09 14:03:28 Sending request to API vacancies
2026-04-09 14:03:28 Sending request to API vacancies
2026-04-09 14:03:29 Success for Town 14, vacancy category Техническая поддержка, page 0
2026-04-09 14:03:29 Sending request to API vacancies
2026-04-09 14:03:30 Sending request to API vacancies
2026-04-09 14:03:31 Success for Town 14, vacancy category Управление продуктом, page 0
2026-04-09 14:03:31 Sending request to API vacancies
2026-04-09 14:03:32 Sending request to API vacancies
2026-04-09 14:03:35 Success for Town 14, vacancy category Управление продуктом, page 0
2026-04-09 14:03:35 Sending request to API vacancies
2026-04-09 14:03:37 Sending request to API vacancies
2026-04-09 14:03:38 Success for Town 14, vacancy category Управление продуктом, page 0
2026-04-09 14:03:38 Sending request to API vacancies
2026-04-09 14:03:39 Sending request to API vacancies
2026-04-09 14:03:39 Success for Town 14, vacancy category Управление продуктом, page 0
2026-04-09 14:03:39 Sending request to API vacancies
2026-04-09 14:03:40 Sending request to API vacancies
2026-04-09 14:03:42 Success for Town 14, vacancy category Управление проектами, page 0
2026-04-09 14:03:42 Sending request to API vacancies
2026-04-09 14:03:43 Sending request to API vacancies
2026-04-09 14:03:44 Success for Town 14, vacancy category Управление проектами, page 0
2026-04-09 14:03:44 Sending request to API vacancies
2026-04-09 14:03:45 Sending request to API vacancies
2026-04-09 14:03:46 Success for Town 14, vacancy category Управление проектами, page 0
2026-04-09 14:03:46 Sending request to API vacancies
2026-04-09 14:03:46 Sending request to API vacancies
2026-04-09 14:03:47 Success for Town 14, vacancy category Управление проектами, page 0
2026-04-09 14:03:47 Sending request to API vacancies
2026-04-09 14:03:48 Sending request to API vacancies
2026-04-09 14:03:49 Success for Town 14, vacancy category Управление разработкой, page 0
2026-04-09 14:03:49 Sending request to API vacancies
2026-04-09 14:03:50 Sending request to API vacancies
2026-04-09 14:03:54 Success for Town 14, vacancy category Управление разработкой, page 0
2026-04-09 14:03:54 Sending request to API vacancies
2026-04-09 14:03:55 Sending request to API vacancies
2026-04-09 14:03:56 Success for Town 14, vacancy category Управление разработкой, page 0
2026-04-09 14:03:56 Sending request to API vacancies
2026-04-09 14:03:57 Sending request to API vacancies
2026-04-09 14:03:57 Success for Town 14, vacancy category Управление разработкой, page 0
2026-04-09 14:03:57 Sending request to API vacancies
2026-04-09 14:03:58 Sending request to API vacancies
2026-04-09 14:03:59 Success for Town 14, vacancy category Юзабилити, page 0
2026-04-09 14:03:59 Sending request to API vacancies
2026-04-09 14:04:00 Sending request to API vacancies
2026-04-09 14:04:03 Success for Town 14, vacancy category Юзабилити, page 0
2026-04-09 14:04:03 Sending request to API vacancies
2026-04-09 14:04:04 Sending request to API vacancies
2026-04-09 14:04:05 Success for Town 14, vacancy category Юзабилити, page 0
2026-04-09 14:04:05 Sending request to API vacancies
2026-04-09 14:04:05 Sending request to API vacancies
2026-04-09 14:04:06 Success for Town 14, vacancy category Юзабилити, page 0
2026-04-09 14:04:06 Sending request to API vacancies
2026-04-09 14:04:09 Sending request to API vacancies
2026-04-09 14:04:10 Success for Town 14, vacancy category Другое, page 0
2026-04-09 14:04:10 Sending request to API vacancies
2026-04-09 14:04:11 Sending request to API vacancies
2026-04-09 14:04:13 Success for Town 14, vacancy category Другое, page 0
2026-04-09 14:04:13 Sending request to API vacancies
2026-04-09 14:04:14 Sending request to API vacancies
2026-04-09 14:04:15 Success for Town 14, vacancy category Другое, page 0
2026-04-09 14:04:15 Sending request to API vacancies
2026-04-09 14:04:16 Sending request to API vacancies
2026-04-09 14:04:16 Success for Town 14, vacancy category Другое, page 0
2026-04-09 14:04:17 Sending request to API vacancies
2026-04-09 14:04:17 Sending request to API vacancies
2026-04-09 14:04:19 Success for Town 14, vacancy category Начало карьеры, мало опыта, page 0
2026-04-09 14:04:19 Sending request to API vacancies
2026-04-09 14:04:19 Sending request to API vacancies
2026-04-09 14:04:23 Success for Town 14, vacancy category Начало карьеры, мало опыта, page 0
2026-04-09 14:04:23 Sending request to API vacancies
2026-04-09 14:04:24 Sending request to API vacancies
2026-04-09 14:04:25 Success for Town 14, vacancy category Начало карьеры, мало опыта, page 0
2026-04-09 14:04:26 Sending request to API vacancies
2026-04-09 14:04:26 Sending request to API vacancies
2026-04-09 14:04:27 Success for Town 14, vacancy category Начало карьеры, мало опыта, page 0
2026-04-09 14:04:27 Sending request to API vacancies
2026-04-09 14:04:28 Sending request to API vacancies
2026-04-09 14:04:28 Success for Town 13, vacancy category AI, page 0
2026-04-09 14:04:28 Sending request to API vacancies
2026-04-09 14:04:29 Sending request to API vacancies
2026-04-09 14:04:30 Success for Town 13, vacancy category AI, page 0
2026-04-09 14:04:30 Sending request to API vacancies
2026-04-09 14:04:31 Sending request to API vacancies
2026-04-09 14:04:32 Success for Town 13, vacancy category AI, page 0
2026-04-09 14:04:32 Sending request to API vacancies
2026-04-09 14:04:33 Sending request to API vacancies
2026-04-09 14:04:33 Sending request to API vacancies
2026-04-09 14:04:34 Success for Town 13, vacancy category CRM-системы, page 0
2026-04-09 14:04:34 Sending request to API vacancies
2026-04-09 14:04:35 Sending request to API vacancies
2026-04-09 14:04:35 Success for Town 13, vacancy category CRM-системы, page 0
2026-04-09 14:04:36 Sending request to API vacancies
2026-04-09 14:04:36 Sending request to API vacancies
2026-04-09 14:04:37 Success for Town 13, vacancy category CRM-системы, page 0
2026-04-09 14:04:37 Sending request to API vacancies
2026-04-09 14:04:37 Sending request to API vacancies
2026-04-09 14:04:38 Sending request to API vacancies
2026-04-09 14:04:38 Success for Town 13, vacancy category Data Science, page 0
2026-04-09 14:04:39 Sending request to API vacancies
2026-04-09 14:04:40 Sending request to API vacancies
2026-04-09 14:04:41 Success for Town 13, vacancy category Data Science, page 0
2026-04-09 14:04:41 Sending request to API vacancies
2026-04-09 14:04:41 Sending request to API vacancies
2026-04-09 14:04:42 Success for Town 13, vacancy category Data Science, page 0
2026-04-09 14:04:42 Sending request to API vacancies
2026-04-09 14:04:43 Sending request to API vacancies
2026-04-09 14:04:44 Sending request to API vacancies
2026-04-09 14:04:44 Success for Town 13, vacancy category DevOps, page 0
2026-04-09 14:04:45 Sending request to API vacancies
2026-04-09 14:04:45 Sending request to API vacancies
2026-04-09 14:04:46 Success for Town 13, vacancy category DevOps, page 0
2026-04-09 14:04:46 Sending request to API vacancies
2026-04-09 14:04:47 Sending request to API vacancies
2026-04-09 14:04:47 Success for Town 13, vacancy category DevOps, page 0
2026-04-09 14:04:48 Sending request to API vacancies
2026-04-09 14:04:48 Sending request to API vacancies
2026-04-09 14:04:49 Sending request to API vacancies
2026-04-09 14:04:49 Success for Town 13, vacancy category SRE, page 0
2026-04-09 14:04:50 Sending request to API vacancies
2026-04-09 14:04:50 Sending request to API vacancies
2026-04-09 14:04:51 Success for Town 13, vacancy category SRE, page 0
2026-04-09 14:04:51 Sending request to API vacancies
2026-04-09 14:04:52 Sending request to API vacancies
2026-04-09 14:04:52 Success for Town 13, vacancy category SRE, page 0
2026-04-09 14:04:52 Sending request to API vacancies
2026-04-09 14:04:53 Sending request to API vacancies
2026-04-09 14:04:54 Sending request to API vacancies
2026-04-09 14:04:54 Success for Town 13, vacancy category Web-верстка, page 0
2026-04-09 14:04:54 Sending request to API vacancies
2026-04-09 14:04:55 Sending request to API vacancies
2026-04-09 14:04:56 Success for Town 13, vacancy category Web-верстка, page 0
2026-04-09 14:04:56 Sending request to API vacancies
2026-04-09 14:04:56 Sending request to API vacancies
2026-04-09 14:04:57 Success for Town 13, vacancy category Web-верстка, page 0
2026-04-09 14:04:57 Sending request to API vacancies
2026-04-09 14:04:58 Sending request to API vacancies
2026-04-09 14:04:58 Sending request to API vacancies
2026-04-09 14:04:59 Success for Town 13, vacancy category Администрирование баз данных, page 0
2026-04-09 14:04:59 Sending request to API vacancies
2026-04-09 14:05:00 Sending request to API vacancies
2026-04-09 14:05:01 Success for Town 13, vacancy category Администрирование баз данных, page 0
2026-04-09 14:05:01 Sending request to API vacancies
2026-04-09 14:05:02 Sending request to API vacancies
2026-04-09 14:05:03 Success for Town 13, vacancy category Администрирование баз данных, page 0
2026-04-09 14:05:03 Sending request to API vacancies
2026-04-09 14:05:04 Sending request to API vacancies
2026-04-09 14:05:05 Sending request to API vacancies
2026-04-09 14:05:06 Success for Town 13, vacancy category Аналитика, page 0
2026-04-09 14:05:06 Sending request to API vacancies
2026-04-09 14:05:07 Sending request to API vacancies
2026-04-09 14:05:08 Success for Town 13, vacancy category Аналитика, page 0
2026-04-09 14:05:08 Sending request to API vacancies
2026-04-09 14:05:08 Sending request to API vacancies
2026-04-09 14:05:09 Success for Town 13, vacancy category Аналитика, page 0
2026-04-09 14:05:09 Sending request to API vacancies
2026-04-09 14:05:10 Sending request to API vacancies
2026-04-09 14:05:11 Sending request to API vacancies
2026-04-09 14:05:12 Success for Town 13, vacancy category Внедрение и сопровождение ПО, page 0
2026-04-09 14:05:12 Sending request to API vacancies
2026-04-09 14:05:13 Sending request to API vacancies
2026-04-09 14:05:14 Success for Town 13, vacancy category Внедрение и сопровождение ПО, page 0
2026-04-09 14:05:14 Sending request to API vacancies
2026-04-09 14:05:15 Sending request to API vacancies
2026-04-09 14:05:15 Success for Town 13, vacancy category Внедрение и сопровождение ПО, page 0
2026-04-09 14:05:16 Sending request to API vacancies
2026-04-09 14:05:16 Sending request to API vacancies
2026-04-09 14:05:17 Sending request to API vacancies
2026-04-09 14:05:18 Success for Town 13, vacancy category Игровое ПО / Геймдев, page 0
2026-04-09 14:05:18 Sending request to API vacancies
2026-04-09 14:05:19 Sending request to API vacancies
2026-04-09 14:05:19 Success for Town 13, vacancy category Игровое ПО / Геймдев, page 0
2026-04-09 14:05:19 Sending request to API vacancies
2026-04-09 14:05:20 Sending request to API vacancies
2026-04-09 14:05:21 Success for Town 13, vacancy category Игровое ПО / Геймдев, page 0
2026-04-09 14:05:22 Sending request to API vacancies
2026-04-09 14:05:22 Sending request to API vacancies
2026-04-09 14:05:23 Sending request to API vacancies
2026-04-09 14:05:23 Success for Town 13, vacancy category Инжиниринг, page 0
2026-04-09 14:05:24 Sending request to API vacancies
2026-04-09 14:05:24 Sending request to API vacancies
2026-04-09 14:05:25 Success for Town 13, vacancy category Инжиниринг, page 0
2026-04-09 14:05:25 Sending request to API vacancies
2026-04-09 14:05:25 Sending request to API vacancies
2026-04-09 14:05:26 Success for Town 13, vacancy category Инжиниринг, page 0
2026-04-09 14:05:26 Sending request to API vacancies
2026-04-09 14:05:27 Sending request to API vacancies
2026-04-09 14:05:28 Sending request to API vacancies
2026-04-09 14:05:29 Success for Town 13, vacancy category Интернет, создание и поддержка сайтов, page 0
2026-04-09 14:05:29 Sending request to API vacancies
2026-04-09 14:05:30 Sending request to API vacancies
2026-04-09 14:05:31 Success for Town 13, vacancy category Интернет, создание и поддержка сайтов, page 0
2026-04-09 14:05:31 Sending request to API vacancies
2026-04-09 14:05:32 Sending request to API vacancies
2026-04-09 14:05:33 Success for Town 13, vacancy category Интернет, создание и поддержка сайтов, page 0
2026-04-09 14:05:33 Sending request to API vacancies
2026-04-09 14:05:33 Sending request to API vacancies
2026-04-09 14:05:34 Sending request to API vacancies
2026-04-09 14:05:35 Success for Town 13, vacancy category Информационная безопасность, page 0
2026-04-09 14:05:35 Sending request to API vacancies
2026-04-09 14:05:35 Sending request to API vacancies
2026-04-09 14:05:36 Success for Town 13, vacancy category Информационная безопасность, page 0
2026-04-09 14:05:36 Sending request to API vacancies
2026-04-09 14:05:37 Sending request to API vacancies
2026-04-09 14:05:38 Success for Town 13, vacancy category Информационная безопасность, page 0
2026-04-09 14:05:38 Sending request to API vacancies
2026-04-09 14:05:38 Sending request to API vacancies
2026-04-09 14:05:39 Sending request to API vacancies
2026-04-09 14:05:40 Success for Town 13, vacancy category Киберспорт, page 0
2026-04-09 14:05:40 Sending request to API vacancies
2026-04-09 14:05:40 Sending request to API vacancies
2026-04-09 14:05:41 Success for Town 13, vacancy category Киберспорт, page 0
2026-04-09 14:05:41 Sending request to API vacancies
2026-04-09 14:05:42 Sending request to API vacancies
2026-04-09 14:05:43 Success for Town 13, vacancy category Киберспорт, page 0
2026-04-09 14:05:44 Sending request to API vacancies
2026-04-09 14:05:44 Sending request to API vacancies
2026-04-09 14:05:45 Sending request to API vacancies
2026-04-09 14:05:45 Success for Town 13, vacancy category Компьютерная анимация и мультимедиа, page 0
2026-04-09 14:05:45 Sending request to API vacancies
2026-04-09 14:05:46 Sending request to API vacancies
2026-04-09 14:05:47 Success for Town 13, vacancy category Компьютерная анимация и мультимедиа, page 0
2026-04-09 14:05:47 Sending request to API vacancies
2026-04-09 14:05:47 Sending request to API vacancies
2026-04-09 14:05:48 Success for Town 13, vacancy category Компьютерная анимация и мультимедиа, page 0
2026-04-09 14:05:48 Sending request to API vacancies
2026-04-09 14:05:49 Sending request to API vacancies
2026-04-09 14:05:49 Sending request to API vacancies
2026-04-09 14:05:50 Success for Town 13, vacancy category Контент, page 0
2026-04-09 14:05:50 Sending request to API vacancies
2026-04-09 14:05:51 Sending request to API vacancies
2026-04-09 14:05:51 Success for Town 13, vacancy category Контент, page 0
2026-04-09 14:05:52 Sending request to API vacancies
2026-04-09 14:05:52 Sending request to API vacancies
2026-04-09 14:05:53 Success for Town 13, vacancy category Контент, page 0
2026-04-09 14:05:54 Sending request to API vacancies
2026-04-09 14:05:54 Sending request to API vacancies
2026-04-09 14:05:55 Sending request to API vacancies
2026-04-09 14:05:55 Success for Town 13, vacancy category Мобильная разработка, page 0
2026-04-09 14:05:55 Sending request to API vacancies
2026-04-09 14:05:56 Sending request to API vacancies
2026-04-09 14:05:57 Success for Town 13, vacancy category Мобильная разработка, page 0
2026-04-09 14:05:57 Sending request to API vacancies
2026-04-09 14:05:58 Sending request to API vacancies
2026-04-09 14:05:58 Success for Town 13, vacancy category Мобильная разработка, page 0
2026-04-09 14:05:59 Sending request to API vacancies
2026-04-09 14:05:59 Sending request to API vacancies
2026-04-09 14:06:00 Sending request to API vacancies
2026-04-09 14:06:00 Success for Town 13, vacancy category Нейросети / Искусственный интеллект, page 0
2026-04-09 14:06:01 Sending request to API vacancies
2026-04-09 14:06:01 Sending request to API vacancies
2026-04-09 14:06:03 Success for Town 13, vacancy category Нейросети / Искусственный интеллект, page 0
2026-04-09 14:06:03 Sending request to API vacancies
2026-04-09 14:06:04 Sending request to API vacancies
2026-04-09 14:06:05 Success for Town 13, vacancy category Нейросети / Искусственный интеллект, page 0
2026-04-09 14:06:05 Sending request to API vacancies
2026-04-09 14:06:05 Sending request to API vacancies
2026-04-09 14:06:06 Sending request to API vacancies
2026-04-09 14:06:07 Success for Town 13, vacancy category Оптимизация, SEO, page 0
2026-04-09 14:06:07 Sending request to API vacancies
2026-04-09 14:06:07 Sending request to API vacancies
2026-04-09 14:06:08 Success for Town 13, vacancy category Оптимизация, SEO, page 0
2026-04-09 14:06:08 Sending request to API vacancies
2026-04-09 14:06:09 Sending request to API vacancies
2026-04-09 14:06:09 Success for Town 13, vacancy category Оптимизация, SEO, page 0
2026-04-09 14:06:10 Sending request to API vacancies
2026-04-09 14:06:10 Sending request to API vacancies
2026-04-09 14:06:11 Sending request to API vacancies
2026-04-09 14:06:11 Success for Town 13, vacancy category Передача данных и доступ в интернет, page 0
2026-04-09 14:06:12 Sending request to API vacancies
2026-04-09 14:06:13 Sending request to API vacancies
2026-04-09 14:06:13 Success for Town 13, vacancy category Передача данных и доступ в интернет, page 0
2026-04-09 14:06:13 Sending request to API vacancies
2026-04-09 14:06:14 Sending request to API vacancies
2026-04-09 14:06:16 Success for Town 13, vacancy category Передача данных и доступ в интернет, page 0
2026-04-09 14:06:16 Sending request to API vacancies
2026-04-09 14:06:16 Sending request to API vacancies
2026-04-09 14:06:17 Sending request to API vacancies
2026-04-09 14:06:18 Success for Town 13, vacancy category Разработка и сопровождение банковского ПО, page 0
2026-04-09 14:06:18 Sending request to API vacancies
2026-04-09 14:06:19 Sending request to API vacancies
2026-04-09 14:06:19 Success for Town 13, vacancy category Разработка и сопровождение банковского ПО, page 0
2026-04-09 14:06:19 Sending request to API vacancies
2026-04-09 14:06:20 Sending request to API vacancies
2026-04-09 14:06:22 Success for Town 13, vacancy category Разработка и сопровождение банковского ПО, page 0
2026-04-09 14:06:22 Sending request to API vacancies
2026-04-09 14:06:22 Sending request to API vacancies
2026-04-09 14:06:23 Sending request to API vacancies
2026-04-09 14:06:24 Success for Town 13, vacancy category Разработка, программирование, page 0
2026-04-09 14:06:24 Sending request to API vacancies
2026-04-09 14:06:24 Sending request to API vacancies
2026-04-09 14:06:25 Success for Town 13, vacancy category Разработка, программирование, page 0
2026-04-09 14:06:25 Sending request to API vacancies
2026-04-09 14:06:26 Sending request to API vacancies
2026-04-09 14:06:27 Success for Town 13, vacancy category Разработка, программирование, page 0
2026-04-09 14:06:27 Sending request to API vacancies
2026-04-09 14:06:28 Sending request to API vacancies
2026-04-09 14:06:28 Sending request to API vacancies
2026-04-09 14:06:29 Success for Town 13, vacancy category Сетевые технологии, page 0
2026-04-09 14:06:29 Sending request to API vacancies
2026-04-09 14:06:30 Sending request to API vacancies
2026-04-09 14:06:30 Success for Town 13, vacancy category Сетевые технологии, page 0
2026-04-09 14:06:31 Sending request to API vacancies
2026-04-09 14:06:31 Sending request to API vacancies
2026-04-09 14:06:32 Success for Town 13, vacancy category Сетевые технологии, page 0
2026-04-09 14:06:32 Sending request to API vacancies
2026-04-09 14:06:33 Sending request to API vacancies
2026-04-09 14:06:33 Sending request to API vacancies
2026-04-09 14:06:34 Success for Town 13, vacancy category Системная интеграция, page 0
2026-04-09 14:06:34 Sending request to API vacancies
2026-04-09 14:06:35 Sending request to API vacancies
2026-04-09 14:06:36 Success for Town 13, vacancy category Системная интеграция, page 0
2026-04-09 14:06:36 Sending request to API vacancies
2026-04-09 14:06:36 Sending request to API vacancies
2026-04-09 14:06:37 Success for Town 13, vacancy category Системная интеграция, page 0
2026-04-09 14:06:37 Sending request to API vacancies
2026-04-09 14:06:38 Sending request to API vacancies
2026-04-09 14:06:38 Sending request to API vacancies
2026-04-09 14:06:39 Success for Town 13, vacancy category Системное администрирование, page 0
2026-04-09 14:06:39 Sending request to API vacancies
2026-04-09 14:06:40 Sending request to API vacancies
2026-04-09 14:06:40 Success for Town 13, vacancy category Системное администрирование, page 0
2026-04-09 14:06:40 Sending request to API vacancies
2026-04-09 14:06:41 Sending request to API vacancies
2026-04-09 14:06:42 Success for Town 13, vacancy category Системное администрирование, page 0
2026-04-09 14:06:42 Sending request to API vacancies
2026-04-09 14:06:42 Sending request to API vacancies
2026-04-09 14:06:45 Sending request to API vacancies
2026-04-09 14:06:46 Success for Town 13, vacancy category Системы автоматизированного проектирования (САПР), page 0
2026-04-09 14:06:46 Sending request to API vacancies
2026-04-09 14:06:47 Sending request to API vacancies
2026-04-09 14:06:48 Success for Town 13, vacancy category Системы автоматизированного проектирования (САПР), page 0
2026-04-09 14:06:48 Sending request to API vacancies
2026-04-09 14:06:48 Sending request to API vacancies
2026-04-09 14:06:49 Success for Town 13, vacancy category Системы автоматизированного проектирования (САПР), page 0
2026-04-09 14:06:49 Sending request to API vacancies
2026-04-09 14:06:50 Sending request to API vacancies
2026-04-09 14:06:50 Sending request to API vacancies
2026-04-09 14:06:51 Success for Town 13, vacancy category Системы управления предприятием (ERP), page 0
2026-04-09 14:06:51 Sending request to API vacancies
2026-04-09 14:06:52 Sending request to API vacancies
2026-04-09 14:06:52 Success for Town 13, vacancy category Системы управления предприятием (ERP), page 0
2026-04-09 14:06:53 Sending request to API vacancies
2026-04-09 14:06:53 Sending request to API vacancies
2026-04-09 14:06:54 Success for Town 13, vacancy category Системы управления предприятием (ERP), page 0
2026-04-09 14:06:54 Sending request to API vacancies
2026-04-09 14:06:55 Sending request to API vacancies
2026-04-09 14:06:55 Sending request to API vacancies
2026-04-09 14:06:56 Success for Town 13, vacancy category Сотовые, беспроводные технологии, page 0
2026-04-09 14:06:57 Sending request to API vacancies
2026-04-09 14:06:57 Sending request to API vacancies
2026-04-09 14:06:58 Success for Town 13, vacancy category Сотовые, беспроводные технологии, page 0
2026-04-09 14:06:58 Sending request to API vacancies
2026-04-09 14:06:59 Sending request to API vacancies
2026-04-09 14:06:59 Success for Town 13, vacancy category Сотовые, беспроводные технологии, page 0
2026-04-09 14:07:00 Sending request to API vacancies
2026-04-09 14:07:00 Sending request to API vacancies
2026-04-09 14:07:01 Sending request to API vacancies
2026-04-09 14:07:02 Success for Town 13, vacancy category Телекоммуникации и связь, page 0
2026-04-09 14:07:02 Sending request to API vacancies
2026-04-09 14:07:03 Sending request to API vacancies
2026-04-09 14:07:03 Success for Town 13, vacancy category Телекоммуникации и связь, page 0
2026-04-09 14:07:04 Sending request to API vacancies
2026-04-09 14:07:04 Sending request to API vacancies
2026-04-09 14:07:05 Success for Town 13, vacancy category Телекоммуникации и связь, page 0
2026-04-09 14:07:05 Sending request to API vacancies
2026-04-09 14:07:06 Sending request to API vacancies
2026-04-09 14:07:07 Sending request to API vacancies
2026-04-09 14:07:08 Success for Town 13, vacancy category Тестирование, QA, page 0
2026-04-09 14:07:08 Sending request to API vacancies
2026-04-09 14:07:09 Sending request to API vacancies
2026-04-09 14:07:10 Success for Town 13, vacancy category Тестирование, QA, page 0
2026-04-09 14:07:10 Sending request to API vacancies
2026-04-09 14:07:10 Sending request to API vacancies
2026-04-09 14:07:11 Success for Town 13, vacancy category Тестирование, QA, page 0
2026-04-09 14:07:11 Sending request to API vacancies
2026-04-09 14:07:12 Sending request to API vacancies
2026-04-09 14:07:12 Sending request to API vacancies
2026-04-09 14:07:13 Success for Town 13, vacancy category Техническая документация, page 0
2026-04-09 14:07:13 Sending request to API vacancies
2026-04-09 14:07:14 Sending request to API vacancies
2026-04-09 14:07:16 Success for Town 13, vacancy category Техническая документация, page 0
2026-04-09 14:07:16 Sending request to API vacancies
2026-04-09 14:07:17 Sending request to API vacancies
2026-04-09 14:07:17 Success for Town 13, vacancy category Техническая документация, page 0
2026-04-09 14:07:18 Sending request to API vacancies
2026-04-09 14:07:18 Sending request to API vacancies
2026-04-09 14:07:19 Sending request to API vacancies
2026-04-09 14:07:19 Success for Town 13, vacancy category Техническая поддержка, page 0
2026-04-09 14:07:19 Sending request to API vacancies
2026-04-09 14:07:20 Sending request to API vacancies
2026-04-09 14:07:21 Success for Town 13, vacancy category Техническая поддержка, page 0
2026-04-09 14:07:21 Sending request to API vacancies
2026-04-09 14:07:21 Sending request to API vacancies
2026-04-09 14:07:22 Success for Town 13, vacancy category Техническая поддержка, page 0
2026-04-09 14:07:22 Sending request to API vacancies
2026-04-09 14:07:23 Sending request to API vacancies
2026-04-09 14:07:23 Sending request to API vacancies
2026-04-09 14:07:25 Success for Town 13, vacancy category Управление продуктом, page 0
2026-04-09 14:07:25 Sending request to API vacancies
2026-04-09 14:07:26 Sending request to API vacancies
2026-04-09 14:07:26 Success for Town 13, vacancy category Управление продуктом, page 0
2026-04-09 14:07:26 Sending request to API vacancies
2026-04-09 14:07:27 Sending request to API vacancies
2026-04-09 14:07:28 Success for Town 13, vacancy category Управление продуктом, page 0
2026-04-09 14:07:28 Sending request to API vacancies
2026-04-09 14:07:29 Sending request to API vacancies
2026-04-09 14:07:29 Sending request to API vacancies
2026-04-09 14:07:30 Success for Town 13, vacancy category Управление проектами, page 0
2026-04-09 14:07:30 Sending request to API vacancies
2026-04-09 14:07:31 Sending request to API vacancies
2026-04-09 14:07:31 Success for Town 13, vacancy category Управление проектами, page 0
2026-04-09 14:07:31 Sending request to API vacancies
2026-04-09 14:07:32 Sending request to API vacancies
2026-04-09 14:07:33 Success for Town 13, vacancy category Управление проектами, page 0
2026-04-09 14:07:33 Sending request to API vacancies
2026-04-09 14:07:34 Sending request to API vacancies
2026-04-09 14:07:34 Sending request to API vacancies
2026-04-09 14:07:35 Success for Town 13, vacancy category Управление разработкой, page 0
2026-04-09 14:07:35 Sending request to API vacancies
2026-04-09 14:07:36 Sending request to API vacancies
2026-04-09 14:07:38 Success for Town 13, vacancy category Управление разработкой, page 0
2026-04-09 14:07:38 Sending request to API vacancies
2026-04-09 14:07:39 Sending request to API vacancies
2026-04-09 14:07:39 Success for Town 13, vacancy category Управление разработкой, page 0
2026-04-09 14:07:40 Sending request to API vacancies
2026-04-09 14:07:40 Sending request to API vacancies
2026-04-09 14:07:41 Sending request to API vacancies
2026-04-09 14:07:41 Success for Town 13, vacancy category Юзабилити, page 0
2026-04-09 14:07:42 Sending request to API vacancies
2026-04-09 14:07:42 Sending request to API vacancies
2026-04-09 14:07:43 Success for Town 13, vacancy category Юзабилити, page 0
2026-04-09 14:07:43 Sending request to API vacancies
2026-04-09 14:07:44 Sending request to API vacancies
2026-04-09 14:07:45 Success for Town 13, vacancy category Юзабилити, page 0
2026-04-09 14:07:45 Sending request to API vacancies
2026-04-09 14:07:46 Sending request to API vacancies
2026-04-09 14:07:46 Sending request to API vacancies
2026-04-09 14:07:47 Success for Town 13, vacancy category Другое, page 0
2026-04-09 14:07:47 Sending request to API vacancies
2026-04-09 14:07:48 Sending request to API vacancies
2026-04-09 14:07:49 Success for Town 13, vacancy category Другое, page 0
2026-04-09 14:07:49 Sending request to API vacancies
2026-04-09 14:07:49 Sending request to API vacancies
2026-04-09 14:07:50 Success for Town 13, vacancy category Другое, page 0
2026-04-09 14:07:50 Sending request to API vacancies
2026-04-09 14:07:51 Sending request to API vacancies
2026-04-09 14:07:51 Sending request to API vacancies
2026-04-09 14:07:52 Success for Town 13, vacancy category Начало карьеры, мало опыта, page 0
2026-04-09 14:07:52 Sending request to API vacancies
2026-04-09 14:07:53 Sending request to API vacancies
2026-04-09 14:07:53 Success for Town 13, vacancy category Начало карьеры, мало опыта, page 0
2026-04-09 14:07:53 Sending request to API vacancies
2026-04-09 14:07:54 Sending request to API vacancies
2026-04-09 14:07:55 Success for Town 13, vacancy category Начало карьеры, мало опыта, page 0
2026-04-09 14:07:55 Sending request to API vacancies
2026-04-09 14:07:55 Sending request to API vacancies
2026-04-09 14:07:56 Sending request to API vacancies
2026-04-09 14:07:57 Success for Town 33, vacancy category AI, page 0
2026-04-09 14:07:57 Sending request to API vacancies
2026-04-09 14:07:58 Sending request to API vacancies
2026-04-09 14:07:58 Success for Town 33, vacancy category AI, page 0
2026-04-09 14:07:59 Sending request to API vacancies
2026-04-09 14:07:59 Sending request to API vacancies
2026-04-09 14:08:00 Success for Town 33, vacancy category AI, page 0
2026-04-09 14:08:00 Sending request to API vacancies
2026-04-09 14:08:00 Sending request to API vacancies
2026-04-09 14:08:01 Sending request to API vacancies
2026-04-09 14:08:02 Success for Town 33, vacancy category CRM-системы, page 0
2026-04-09 14:08:02 Sending request to API vacancies
2026-04-09 14:08:02 Sending request to API vacancies
2026-04-09 14:08:03 Success for Town 33, vacancy category CRM-системы, page 0
2026-04-09 14:08:03 Sending request to API vacancies
2026-04-09 14:08:04 Sending request to API vacancies
2026-04-09 14:08:05 Success for Town 33, vacancy category CRM-системы, page 0
2026-04-09 14:08:05 Sending request to API vacancies
2026-04-09 14:08:05 Sending request to API vacancies
2026-04-09 14:08:06 Sending request to API vacancies
2026-04-09 14:08:07 Success for Town 33, vacancy category Data Science, page 0
2026-04-09 14:08:07 Sending request to API vacancies
2026-04-09 14:08:08 Sending request to API vacancies
2026-04-09 14:08:09 Success for Town 33, vacancy category Data Science, page 0
2026-04-09 14:08:10 Sending request to API vacancies
2026-04-09 14:08:10 Sending request to API vacancies
2026-04-09 14:08:11 Success for Town 33, vacancy category Data Science, page 0
2026-04-09 14:08:11 Sending request to API vacancies
2026-04-09 14:08:12 Sending request to API vacancies
2026-04-09 14:08:12 Sending request to API vacancies
2026-04-09 14:08:13 Success for Town 33, vacancy category DevOps, page 0
2026-04-09 14:08:13 Sending request to API vacancies
2026-04-09 14:08:14 Sending request to API vacancies
2026-04-09 14:08:16 Success for Town 33, vacancy category DevOps, page 0
2026-04-09 14:08:16 Sending request to API vacancies
2026-04-09 14:08:17 Sending request to API vacancies
2026-04-09 14:08:17 Success for Town 33, vacancy category DevOps, page 0
2026-04-09 14:08:18 Sending request to API vacancies
2026-04-09 14:08:18 Sending request to API vacancies
2026-04-09 14:08:19 Sending request to API vacancies
2026-04-09 14:08:20 Success for Town 33, vacancy category SRE, page 0
2026-04-09 14:08:20 Sending request to API vacancies
2026-04-09 14:08:21 Sending request to API vacancies
2026-04-09 14:08:21 Success for Town 33, vacancy category SRE, page 0
2026-04-09 14:08:22 Sending request to API vacancies
2026-04-09 14:08:22 Sending request to API vacancies
2026-04-09 14:08:23 Success for Town 33, vacancy category SRE, page 0
2026-04-09 14:08:23 Sending request to API vacancies
2026-04-09 14:08:23 Sending request to API vacancies
2026-04-09 14:08:24 Sending request to API vacancies
2026-04-09 14:08:25 Success for Town 33, vacancy category Web-верстка, page 0
2026-04-09 14:08:25 Sending request to API vacancies
2026-04-09 14:08:25 Sending request to API vacancies
2026-04-09 14:08:26 Success for Town 33, vacancy category Web-верстка, page 0
2026-04-09 14:08:26 Sending request to API vacancies
2026-04-09 14:08:27 Sending request to API vacancies
2026-04-09 14:08:28 Success for Town 33, vacancy category Web-верстка, page 0
2026-04-09 14:08:28 Sending request to API vacancies
2026-04-09 14:08:28 Sending request to API vacancies
2026-04-09 14:08:29 Sending request to API vacancies
2026-04-09 14:08:30 Success for Town 33, vacancy category Администрирование баз данных, page 0
2026-04-09 14:08:30 Sending request to API vacancies
2026-04-09 14:08:30 Sending request to API vacancies
2026-04-09 14:08:31 Success for Town 33, vacancy category Администрирование баз данных, page 0
2026-04-09 14:08:31 Sending request to API vacancies
2026-04-09 14:08:32 Sending request to API vacancies
2026-04-09 14:08:32 Success for Town 33, vacancy category Администрирование баз данных, page 0
2026-04-09 14:08:33 Sending request to API vacancies
2026-04-09 14:08:33 Sending request to API vacancies
2026-04-09 14:08:34 Sending request to API vacancies
2026-04-09 14:08:35 Success for Town 33, vacancy category Аналитика, page 0
2026-04-09 14:08:35 Sending request to API vacancies
2026-04-09 14:08:36 Sending request to API vacancies
2026-04-09 14:08:37 Success for Town 33, vacancy category Аналитика, page 0
2026-04-09 14:08:37 Sending request to API vacancies
2026-04-09 14:08:37 Sending request to API vacancies
2026-04-09 14:08:38 Success for Town 33, vacancy category Аналитика, page 0
2026-04-09 14:08:38 Sending request to API vacancies
2026-04-09 14:08:40 Sending request to API vacancies
2026-04-09 14:08:40 Sending request to API vacancies
2026-04-09 14:08:41 Success for Town 33, vacancy category Внедрение и сопровождение ПО, page 0
2026-04-09 14:08:41 Sending request to API vacancies
2026-04-09 14:08:42 Sending request to API vacancies
2026-04-09 14:08:42 Success for Town 33, vacancy category Внедрение и сопровождение ПО, page 0
2026-04-09 14:08:42 Sending request to API vacancies
2026-04-09 14:08:43 Sending request to API vacancies
2026-04-09 14:08:43 Success for Town 33, vacancy category Внедрение и сопровождение ПО, page 0
2026-04-09 14:08:44 Sending request to API vacancies
2026-04-09 14:08:44 Sending request to API vacancies
2026-04-09 14:08:45 Sending request to API vacancies
2026-04-09 14:08:46 Success for Town 33, vacancy category Игровое ПО / Геймдев, page 0
2026-04-09 14:08:46 Sending request to API vacancies
2026-04-09 14:08:46 Sending request to API vacancies
2026-04-09 14:08:47 Success for Town 33, vacancy category Игровое ПО / Геймдев, page 0
2026-04-09 14:08:47 Sending request to API vacancies
2026-04-09 14:08:48 Sending request to API vacancies
2026-04-09 14:08:49 Success for Town 33, vacancy category Игровое ПО / Геймдев, page 0
2026-04-09 14:08:49 Sending request to API vacancies
2026-04-09 14:08:49 Sending request to API vacancies
2026-04-09 14:08:50 Sending request to API vacancies
2026-04-09 14:08:51 Success for Town 33, vacancy category Инжиниринг, page 0
2026-04-09 14:08:51 Sending request to API vacancies
2026-04-09 14:08:52 Sending request to API vacancies
2026-04-09 14:08:54 Success for Town 33, vacancy category Инжиниринг, page 0
2026-04-09 14:08:54 Sending request to API vacancies
2026-04-09 14:08:55 Sending request to API vacancies
2026-04-09 14:08:55 Success for Town 33, vacancy category Инжиниринг, page 0
2026-04-09 14:08:56 Sending request to API vacancies
2026-04-09 14:08:56 Sending request to API vacancies
2026-04-09 14:08:57 Sending request to API vacancies
2026-04-09 14:08:57 Success for Town 33, vacancy category Интернет, создание и поддержка сайтов, page 0
2026-04-09 14:08:57 Sending request to API vacancies
2026-04-09 14:08:58 Sending request to API vacancies
2026-04-09 14:08:59 Success for Town 33, vacancy category Интернет, создание и поддержка сайтов, page 0
2026-04-09 14:08:59 Sending request to API vacancies
2026-04-09 14:08:59 Sending request to API vacancies
2026-04-09 14:09:00 Success for Town 33, vacancy category Интернет, создание и поддержка сайтов, page 0
2026-04-09 14:09:00 Sending request to API vacancies
2026-04-09 14:09:01 Sending request to API vacancies
2026-04-09 14:09:01 Sending request to API vacancies
2026-04-09 14:09:02 Success for Town 33, vacancy category Информационная безопасность, page 0
2026-04-09 14:09:03 Sending request to API vacancies
2026-04-09 14:09:03 Sending request to API vacancies
2026-04-09 14:09:04 Success for Town 33, vacancy category Информационная безопасность, page 0
2026-04-09 14:09:04 Sending request to API vacancies
2026-04-09 14:09:05 Sending request to API vacancies
2026-04-09 14:09:06 Success for Town 33, vacancy category Информационная безопасность, page 0
2026-04-09 14:09:06 Sending request to API vacancies
2026-04-09 14:09:06 Sending request to API vacancies
2026-04-09 14:09:07 Sending request to API vacancies
2026-04-09 14:09:07 Success for Town 33, vacancy category Киберспорт, page 0
2026-04-09 14:09:08 Sending request to API vacancies
2026-04-09 14:09:08 Sending request to API vacancies
2026-04-09 14:09:09 Success for Town 33, vacancy category Киберспорт, page 0
2026-04-09 14:09:09 Sending request to API vacancies
2026-04-09 14:09:11 Sending request to API vacancies
2026-04-09 14:09:12 Success for Town 33, vacancy category Киберспорт, page 0
2026-04-09 14:09:12 Sending request to API vacancies
2026-04-09 14:09:13 Sending request to API vacancies
2026-04-09 14:09:13 Sending request to API vacancies
2026-04-09 14:09:14 Success for Town 33, vacancy category Компьютерная анимация и мультимедиа, page 0
2026-04-09 14:09:14 Sending request to API vacancies
2026-04-09 14:09:15 Sending request to API vacancies
2026-04-09 14:09:16 Success for Town 33, vacancy category Компьютерная анимация и мультимедиа, page 0
2026-04-09 14:09:16 Sending request to API vacancies
2026-04-09 14:09:18 Sending request to API vacancies
2026-04-09 14:09:18 Success for Town 33, vacancy category Компьютерная анимация и мультимедиа, page 0
2026-04-09 14:09:19 Sending request to API vacancies
2026-04-09 14:09:19 Sending request to API vacancies
2026-04-09 14:09:21 Sending request to API vacancies
2026-04-09 14:09:21 Success for Town 33, vacancy category Контент, page 0
2026-04-09 14:09:21 Sending request to API vacancies
2026-04-09 14:09:22 Sending request to API vacancies
2026-04-09 14:09:23 Success for Town 33, vacancy category Контент, page 0
2026-04-09 14:09:23 Sending request to API vacancies
2026-04-09 14:09:23 Sending request to API vacancies
2026-04-09 14:09:24 Success for Town 33, vacancy category Контент, page 0
2026-04-09 14:09:24 Sending request to API vacancies
2026-04-09 14:09:25 Sending request to API vacancies
2026-04-09 14:09:25 Sending request to API vacancies
2026-04-09 14:09:26 Success for Town 33, vacancy category Мобильная разработка, page 0
2026-04-09 14:09:26 Sending request to API vacancies
2026-04-09 14:09:27 Sending request to API vacancies
2026-04-09 14:09:28 Success for Town 33, vacancy category Мобильная разработка, page 0
2026-04-09 14:09:28 Sending request to API vacancies
2026-04-09 14:09:28 Sending request to API vacancies
2026-04-09 14:09:29 Success for Town 33, vacancy category Мобильная разработка, page 0
2026-04-09 14:09:29 Sending request to API vacancies
2026-04-09 14:09:30 Sending request to API vacancies
2026-04-09 14:09:30 Sending request to API vacancies
2026-04-09 14:09:31 Success for Town 33, vacancy category Нейросети / Искусственный интеллект, page 0
2026-04-09 14:09:31 Sending request to API vacancies
2026-04-09 14:09:32 Sending request to API vacancies
2026-04-09 14:09:32 Success for Town 33, vacancy category Нейросети / Искусственный интеллект, page 0
2026-04-09 14:09:33 Sending request to API vacancies
2026-04-09 14:09:33 Sending request to API vacancies
2026-04-09 14:09:34 Success for Town 33, vacancy category Нейросети / Искусственный интеллект, page 0
2026-04-09 14:09:34 Sending request to API vacancies
2026-04-09 14:09:34 Sending request to API vacancies
2026-04-09 14:09:35 Sending request to API vacancies
2026-04-09 14:09:36 Success for Town 33, vacancy category Оптимизация, SEO, page 0
2026-04-09 14:09:36 Sending request to API vacancies
2026-04-09 14:09:36 Sending request to API vacancies
2026-04-09 14:09:37 Success for Town 33, vacancy category Оптимизация, SEO, page 0
2026-04-09 14:09:37 Sending request to API vacancies
2026-04-09 14:09:38 Sending request to API vacancies
2026-04-09 14:09:38 Success for Town 33, vacancy category Оптимизация, SEO, page 0
2026-04-09 14:09:39 Sending request to API vacancies
2026-04-09 14:09:39 Sending request to API vacancies
2026-04-09 14:09:40 Sending request to API vacancies
2026-04-09 14:09:41 Success for Town 33, vacancy category Передача данных и доступ в интернет, page 0
2026-04-09 14:09:41 Sending request to API vacancies
2026-04-09 14:09:42 Sending request to API vacancies
2026-04-09 14:09:43 Success for Town 33, vacancy category Передача данных и доступ в интернет, page 0
2026-04-09 14:09:43 Sending request to API vacancies
2026-04-09 14:09:43 Sending request to API vacancies
2026-04-09 14:09:44 Success for Town 33, vacancy category Передача данных и доступ в интернет, page 0
2026-04-09 14:09:44 Sending request to API vacancies
2026-04-09 14:09:45 Sending request to API vacancies
2026-04-09 14:09:46 Sending request to API vacancies
2026-04-09 14:09:46 Success for Town 33, vacancy category Разработка и сопровождение банковского ПО, page 0
2026-04-09 14:09:46 Sending request to API vacancies
2026-04-09 14:09:47 Sending request to API vacancies
2026-04-09 14:09:49 Success for Town 33, vacancy category Разработка и сопровождение банковского ПО, page 0
2026-04-09 14:09:50 Sending request to API vacancies
2026-04-09 14:09:50 Sending request to API vacancies
2026-04-09 14:09:51 Success for Town 33, vacancy category Разработка и сопровождение банковского ПО, page 0
2026-04-09 14:09:51 Sending request to API vacancies
2026-04-09 14:09:52 Sending request to API vacancies
2026-04-09 14:09:52 Sending request to API vacancies
2026-04-09 14:09:53 Success for Town 33, vacancy category Разработка, программирование, page 0
2026-04-09 14:09:53 Sending request to API vacancies
2026-04-09 14:09:54 Sending request to API vacancies
2026-04-09 14:09:54 Success for Town 33, vacancy category Разработка, программирование, page 0
2026-04-09 14:09:54 Sending request to API vacancies
2026-04-09 14:09:55 Sending request to API vacancies
2026-04-09 14:09:56 Success for Town 33, vacancy category Разработка, программирование, page 0
2026-04-09 14:09:56 Sending request to API vacancies
2026-04-09 14:09:56 Sending request to API vacancies
2026-04-09 14:09:57 Sending request to API vacancies
2026-04-09 14:09:58 Success for Town 33, vacancy category Сетевые технологии, page 0
2026-04-09 14:09:58 Sending request to API vacancies
2026-04-09 14:09:58 Sending request to API vacancies
2026-04-09 14:10:00 Success for Town 33, vacancy category Сетевые технологии, page 0
2026-04-09 14:10:00 Sending request to API vacancies
2026-04-09 14:10:00 Sending request to API vacancies
2026-04-09 14:10:01 Success for Town 33, vacancy category Сетевые технологии, page 0
2026-04-09 14:10:01 Sending request to API vacancies
2026-04-09 14:10:02 Sending request to API vacancies
2026-04-09 14:10:02 Sending request to API vacancies
2026-04-09 14:10:03 Success for Town 33, vacancy category Системная интеграция, page 0
2026-04-09 14:10:03 Sending request to API vacancies
2026-04-09 14:10:05 Sending request to API vacancies
2026-04-09 14:10:05 Success for Town 33, vacancy category Системная интеграция, page 0
2026-04-09 14:10:05 Sending request to API vacancies
2026-04-09 14:10:06 Sending request to API vacancies
2026-04-09 14:10:07 Success for Town 33, vacancy category Системная интеграция, page 0
2026-04-09 14:10:07 Sending request to API vacancies
2026-04-09 14:10:08 Sending request to API vacancies
2026-04-09 14:10:08 Sending request to API vacancies
2026-04-09 14:10:09 Success for Town 33, vacancy category Системное администрирование, page 0
2026-04-09 14:10:09 Sending request to API vacancies
2026-04-09 14:10:10 Sending request to API vacancies
2026-04-09 14:10:11 Success for Town 33, vacancy category Системное администрирование, page 0
2026-04-09 14:10:11 Sending request to API vacancies
2026-04-09 14:10:13 Sending request to API vacancies
2026-04-09 14:10:14 Success for Town 33, vacancy category Системное администрирование, page 0
2026-04-09 14:10:14 Sending request to API vacancies
2026-04-09 14:10:15 Sending request to API vacancies
2026-04-09 14:10:15 Sending request to API vacancies
2026-04-09 14:10:16 Success for Town 33, vacancy category Системы автоматизированного проектирования (САПР), page 0
2026-04-09 14:10:16 Sending request to API vacancies
2026-04-09 14:10:17 Sending request to API vacancies
2026-04-09 14:10:17 Success for Town 33, vacancy category Системы автоматизированного проектирования (САПР), page 0
2026-04-09 14:10:18 Sending request to API vacancies
2026-04-09 14:10:18 Sending request to API vacancies
2026-04-09 14:10:19 Success for Town 33, vacancy category Системы автоматизированного проектирования (САПР), page 0
2026-04-09 14:10:19 Sending request to API vacancies
2026-04-09 14:10:21 Sending request to API vacancies
2026-04-09 14:10:21 Sending request to API vacancies
2026-04-09 14:10:22 Success for Town 33, vacancy category Системы управления предприятием (ERP), page 0
2026-04-09 14:10:22 Sending request to API vacancies
2026-04-09 14:10:23 Sending request to API vacancies
2026-04-09 14:10:23 Success for Town 33, vacancy category Системы управления предприятием (ERP), page 0
2026-04-09 14:10:24 Sending request to API vacancies
2026-04-09 14:10:24 Sending request to API vacancies
2026-04-09 14:10:25 Success for Town 33, vacancy category Системы управления предприятием (ERP), page 0
2026-04-09 14:10:25 Sending request to API vacancies
2026-04-09 14:10:26 Sending request to API vacancies
2026-04-09 14:10:27 Sending request to API vacancies
2026-04-09 14:10:27 Success for Town 33, vacancy category Сотовые, беспроводные технологии, page 0
2026-04-09 14:10:27 Sending request to API vacancies
2026-04-09 14:10:28 Sending request to API vacancies
2026-04-09 14:10:29 Success for Town 33, vacancy category Сотовые, беспроводные технологии, page 0
2026-04-09 14:10:29 Sending request to API vacancies
2026-04-09 14:10:29 Sending request to API vacancies
2026-04-09 14:10:30 Success for Town 33, vacancy category Сотовые, беспроводные технологии, page 0
2026-04-09 14:10:30 Sending request to API vacancies
2026-04-09 14:10:31 Sending request to API vacancies
2026-04-09 14:10:31 Sending request to API vacancies
2026-04-09 14:10:32 Success for Town 33, vacancy category Телекоммуникации и связь, page 0
2026-04-09 14:10:32 Sending request to API vacancies
2026-04-09 14:10:33 Sending request to API vacancies
2026-04-09 14:10:34 Success for Town 33, vacancy category Телекоммуникации и связь, page 0
2026-04-09 14:10:34 Sending request to API vacancies
2026-04-09 14:10:34 Sending request to API vacancies
2026-04-09 14:10:35 Success for Town 33, vacancy category Телекоммуникации и связь, page 0
2026-04-09 14:10:35 Sending request to API vacancies
2026-04-09 14:10:36 Sending request to API vacancies
2026-04-09 14:10:36 Sending request to API vacancies
2026-04-09 14:10:38 Success for Town 33, vacancy category Тестирование, QA, page 0
2026-04-09 14:10:38 Sending request to API vacancies
2026-04-09 14:10:39 Sending request to API vacancies
2026-04-09 14:10:39 Success for Town 33, vacancy category Тестирование, QA, page 0
2026-04-09 14:10:39 Sending request to API vacancies
2026-04-09 14:10:40 Sending request to API vacancies
2026-04-09 14:10:41 Success for Town 33, vacancy category Тестирование, QA, page 0
2026-04-09 14:10:41 Sending request to API vacancies
2026-04-09 14:10:42 Sending request to API vacancies
2026-04-09 14:10:43 Sending request to API vacancies
2026-04-09 14:10:44 Success for Town 33, vacancy category Техническая документация, page 0
2026-04-09 14:10:44 Sending request to API vacancies
2026-04-09 14:10:45 Sending request to API vacancies
2026-04-09 14:10:45 Success for Town 33, vacancy category Техническая документация, page 0
2026-04-09 14:10:45 Sending request to API vacancies
2026-04-09 14:10:46 Sending request to API vacancies
2026-04-09 14:10:47 Success for Town 33, vacancy category Техническая документация, page 0
2026-04-09 14:10:47 Sending request to API vacancies
2026-04-09 14:10:48 Sending request to API vacancies
2026-04-09 14:10:49 Sending request to API vacancies
2026-04-09 14:10:49 Success for Town 33, vacancy category Техническая поддержка, page 0
2026-04-09 14:10:50 Sending request to API vacancies
2026-04-09 14:10:50 Sending request to API vacancies
2026-04-09 14:10:52 Success for Town 33, vacancy category Техническая поддержка, page 0
2026-04-09 14:10:52 Sending request to API vacancies
2026-04-09 14:10:52 Sending request to API vacancies
2026-04-09 14:10:53 Success for Town 33, vacancy category Техническая поддержка, page 0
2026-04-09 14:10:53 Sending request to API vacancies
2026-04-09 14:10:54 Sending request to API vacancies
2026-04-09 14:10:54 Sending request to API vacancies
2026-04-09 14:10:55 Success for Town 33, vacancy category Управление продуктом, page 0
2026-04-09 14:10:55 Sending request to API vacancies
2026-04-09 14:10:56 Sending request to API vacancies
2026-04-09 14:10:57 Success for Town 33, vacancy category Управление продуктом, page 0
2026-04-09 14:10:57 Sending request to API vacancies
2026-04-09 14:10:57 Sending request to API vacancies
2026-04-09 14:10:58 Success for Town 33, vacancy category Управление продуктом, page 0
2026-04-09 14:10:58 Sending request to API vacancies
2026-04-09 14:10:59 Sending request to API vacancies
2026-04-09 14:11:00 Sending request to API vacancies
2026-04-09 14:11:00 Success for Town 33, vacancy category Управление проектами, page 0
2026-04-09 14:11:01 Sending request to API vacancies
2026-04-09 14:11:01 Sending request to API vacancies
2026-04-09 14:11:02 Success for Town 33, vacancy category Управление проектами, page 0
2026-04-09 14:11:02 Sending request to API vacancies
2026-04-09 14:11:03 Sending request to API vacancies
2026-04-09 14:11:03 Success for Town 33, vacancy category Управление проектами, page 0
2026-04-09 14:11:03 Sending request to API vacancies
2026-04-09 14:11:05 Sending request to API vacancies
2026-04-09 14:11:05 Sending request to API vacancies
2026-04-09 14:11:06 Success for Town 33, vacancy category Управление разработкой, page 0
2026-04-09 14:11:06 Sending request to API vacancies
2026-04-09 14:11:07 Sending request to API vacancies
2026-04-09 14:11:08 Success for Town 33, vacancy category Управление разработкой, page 0
2026-04-09 14:11:08 Sending request to API vacancies
2026-04-09 14:11:08 Sending request to API vacancies
2026-04-09 14:11:09 Success for Town 33, vacancy category Управление разработкой, page 0
2026-04-09 14:11:09 Sending request to API vacancies
2026-04-09 14:11:10 Sending request to API vacancies
2026-04-09 14:11:10 Sending request to API vacancies
2026-04-09 14:11:11 Success for Town 33, vacancy category Юзабилити, page 0
2026-04-09 14:11:11 Sending request to API vacancies
2026-04-09 14:11:12 Sending request to API vacancies
2026-04-09 14:11:12 Success for Town 33, vacancy category Юзабилити, page 0
2026-04-09 14:11:13 Sending request to API vacancies
2026-04-09 14:11:14 Sending request to API vacancies
2026-04-09 14:11:15 Success for Town 33, vacancy category Юзабилити, page 0
2026-04-09 14:11:15 Sending request to API vacancies
2026-04-09 14:11:15 Sending request to API vacancies
2026-04-09 14:11:16 Sending request to API vacancies
2026-04-09 14:11:17 Success for Town 33, vacancy category Другое, page 0
2026-04-09 14:11:17 Sending request to API vacancies
2026-04-09 14:11:17 Sending request to API vacancies
2026-04-09 14:11:18 Success for Town 33, vacancy category Другое, page 0
2026-04-09 14:11:18 Sending request to API vacancies
2026-04-09 14:11:19 Sending request to API vacancies
2026-04-09 14:11:20 Success for Town 33, vacancy category Другое, page 0
2026-04-09 14:11:20 Sending request to API vacancies
2026-04-09 14:11:20 Sending request to API vacancies
2026-04-09 14:11:21 Sending request to API vacancies
2026-04-09 14:11:23 Success for Town 33, vacancy category Начало карьеры, мало опыта, page 0
2026-04-09 14:11:23 Sending request to API vacancies
2026-04-09 14:11:24 Sending request to API vacancies
2026-04-09 14:11:25 Success for Town 33, vacancy category Начало карьеры, мало опыта, page 0
2026-04-09 14:11:25 Sending request to API vacancies
2026-04-09 14:11:25 Sending request to API vacancies
2026-04-09 14:11:26 Success for Town 33, vacancy category Начало карьеры, мало опыта, page 0
2026-04-09 14:11:26 Sending request to API vacancies
2026-04-09 14:11:27 Sending request to API vacancies
2026-04-09 14:11:28 Sending request to API vacancies
2026-04-09 14:11:28 Success for Town 12, vacancy category AI, page 0
2026-04-09 14:11:29 Sending request to API vacancies
2026-04-09 14:11:29 Sending request to API vacancies
2026-04-09 14:11:30 Success for Town 12, vacancy category AI, page 0
2026-04-09 14:11:30 Sending request to API vacancies
2026-04-09 14:11:31 Sending request to API vacancies
2026-04-09 14:11:32 Success for Town 12, vacancy category AI, page 0
2026-04-09 14:11:32 Sending request to API vacancies
2026-04-09 14:11:32 Sending request to API vacancies
2026-04-09 14:11:33 Sending request to API vacancies
2026-04-09 14:11:35 Success for Town 12, vacancy category CRM-системы, page 0
2026-04-09 14:11:35 Sending request to API vacancies
2026-04-09 14:11:35 Sending request to API vacancies
2026-04-09 14:11:36 Success for Town 12, vacancy category CRM-системы, page 0
2026-04-09 14:11:36 Sending request to API vacancies
2026-04-09 14:11:37 Sending request to API vacancies
2026-04-09 14:11:37 Success for Town 12, vacancy category CRM-системы, page 0
2026-04-09 14:11:38 Sending request to API vacancies
2026-04-09 14:11:38 Sending request to API vacancies
2026-04-09 14:11:39 Sending request to API vacancies
2026-04-09 14:11:40 Success for Town 12, vacancy category Data Science, page 0
2026-04-09 14:11:40 Sending request to API vacancies
2026-04-09 14:11:40 Sending request to API vacancies
2026-04-09 14:11:41 Success for Town 12, vacancy category Data Science, page 0
2026-04-09 14:11:41 Sending request to API vacancies
2026-04-09 14:11:42 Sending request to API vacancies
2026-04-09 14:11:43 Success for Town 12, vacancy category Data Science, page 0
2026-04-09 14:11:43 Sending request to API vacancies
2026-04-09 14:11:44 Sending request to API vacancies
2026-04-09 14:11:45 Sending request to API vacancies
2026-04-09 14:11:46 Success for Town 12, vacancy category DevOps, page 0
2026-04-09 14:11:46 Sending request to API vacancies
2026-04-09 14:11:46 Sending request to API vacancies
2026-04-09 14:11:47 Success for Town 12, vacancy category DevOps, page 0
2026-04-09 14:11:47 Sending request to API vacancies
2026-04-09 14:11:48 Sending request to API vacancies
2026-04-09 14:11:48 Success for Town 12, vacancy category DevOps, page 0
2026-04-09 14:11:49 Sending request to API vacancies
2026-04-09 14:11:49 Sending request to API vacancies
2026-04-09 14:11:50 Sending request to API vacancies
2026-04-09 14:11:51 Success for Town 12, vacancy category SRE, page 0
2026-04-09 14:11:51 Sending request to API vacancies
2026-04-09 14:11:52 Sending request to API vacancies
2026-04-09 14:11:54 Success for Town 12, vacancy category SRE, page 0
2026-04-09 14:11:54 Sending request to API vacancies
2026-04-09 14:11:55 Sending request to API vacancies
2026-04-09 14:11:55 Success for Town 12, vacancy category SRE, page 0
2026-04-09 14:11:55 Sending request to API vacancies
2026-04-09 14:11:56 Sending request to API vacancies
2026-04-09 14:11:57 Sending request to API vacancies
2026-04-09 14:11:57 Success for Town 12, vacancy category Web-верстка, page 0
2026-04-09 14:11:57 Sending request to API vacancies
2026-04-09 14:11:58 Sending request to API vacancies
2026-04-09 14:11:59 Success for Town 12, vacancy category Web-верстка, page 0
2026-04-09 14:11:59 Sending request to API vacancies
2026-04-09 14:11:59 Sending request to API vacancies
2026-04-09 14:12:01 Success for Town 12, vacancy category Web-верстка, page 0
2026-04-09 14:12:01 Sending request to API vacancies
2026-04-09 14:12:01 Sending request to API vacancies
2026-04-09 14:12:02 Sending request to API vacancies
2026-04-09 14:12:03 Success for Town 12, vacancy category Администрирование баз данных, page 0
2026-04-09 14:12:03 Sending request to API vacancies
2026-04-09 14:12:04 Sending request to API vacancies
2026-04-09 14:12:05 Success for Town 12, vacancy category Администрирование баз данных, page 0
2026-04-09 14:12:05 Sending request to API vacancies
2026-04-09 14:12:06 Sending request to API vacancies
2026-04-09 14:12:07 Success for Town 12, vacancy category Администрирование баз данных, page 0
2026-04-09 14:12:07 Sending request to API vacancies
2026-04-09 14:12:08 Sending request to API vacancies
2026-04-09 14:12:09 Sending request to API vacancies
2026-04-09 14:12:09 Success for Town 12, vacancy category Аналитика, page 0
2026-04-09 14:12:09 Sending request to API vacancies
2026-04-09 14:12:10 Sending request to API vacancies
2026-04-09 14:12:11 Success for Town 12, vacancy category Аналитика, page 0
2026-04-09 14:12:11 Sending request to API vacancies
2026-04-09 14:12:12 Sending request to API vacancies
2026-04-09 14:12:12 Success for Town 12, vacancy category Аналитика, page 0
2026-04-09 14:12:13 Sending request to API vacancies
2026-04-09 14:12:13 Sending request to API vacancies
2026-04-09 14:12:14 Sending request to API vacancies
2026-04-09 14:12:15 Success for Town 12, vacancy category Внедрение и сопровождение ПО, page 0
2026-04-09 14:12:15 Sending request to API vacancies
2026-04-09 14:12:16 Sending request to API vacancies
2026-04-09 14:12:17 Success for Town 12, vacancy category Внедрение и сопровождение ПО, page 0
2026-04-09 14:12:17 Sending request to API vacancies
2026-04-09 14:12:18 Sending request to API vacancies
2026-04-09 14:12:19 Success for Town 12, vacancy category Внедрение и сопровождение ПО, page 0
2026-04-09 14:12:19 Sending request to API vacancies
2026-04-09 14:12:19 Sending request to API vacancies
2026-04-09 14:12:20 Sending request to API vacancies
2026-04-09 14:12:21 Success for Town 12, vacancy category Игровое ПО / Геймдев, page 0
2026-04-09 14:12:21 Sending request to API vacancies
2026-04-09 14:12:22 Sending request to API vacancies
2026-04-09 14:12:22 Success for Town 12, vacancy category Игровое ПО / Геймдев, page 0
2026-04-09 14:12:23 Sending request to API vacancies
2026-04-09 14:12:24 Sending request to API vacancies
2026-04-09 14:12:25 Success for Town 12, vacancy category Игровое ПО / Геймдев, page 0
2026-04-09 14:12:25 Sending request to API vacancies
2026-04-09 14:12:25 Sending request to API vacancies
2026-04-09 14:12:26 Sending request to API vacancies
2026-04-09 14:12:27 Success for Town 12, vacancy category Инжиниринг, page 0
2026-04-09 14:12:27 Sending request to API vacancies
2026-04-09 14:12:27 Sending request to API vacancies
2026-04-09 14:12:28 Success for Town 12, vacancy category Инжиниринг, page 0
2026-04-09 14:12:28 Sending request to API vacancies
2026-04-09 14:12:29 Sending request to API vacancies
2026-04-09 14:12:30 Success for Town 12, vacancy category Инжиниринг, page 0
2026-04-09 14:12:30 Sending request to API vacancies
2026-04-09 14:12:30 Sending request to API vacancies
2026-04-09 14:12:31 Sending request to API vacancies
2026-04-09 14:12:32 Success for Town 12, vacancy category Интернет, создание и поддержка сайтов, page 0
2026-04-09 14:12:32 Sending request to API vacancies
2026-04-09 14:12:33 Sending request to API vacancies
2026-04-09 14:12:34 Success for Town 12, vacancy category Интернет, создание и поддержка сайтов, page 0
2026-04-09 14:12:34 Sending request to API vacancies
2026-04-09 14:12:35 Sending request to API vacancies
2026-04-09 14:12:35 Success for Town 12, vacancy category Интернет, создание и поддержка сайтов, page 0
2026-04-09 14:12:36 Sending request to API vacancies
2026-04-09 14:12:36 Sending request to API vacancies
2026-04-09 14:12:37 Sending request to API vacancies
2026-04-09 14:12:37 Success for Town 12, vacancy category Информационная безопасность, page 0
2026-04-09 14:12:37 Sending request to API vacancies
2026-04-09 14:12:38 Sending request to API vacancies
2026-04-09 14:12:39 Success for Town 12, vacancy category Информационная безопасность, page 0
2026-04-09 14:12:39 Sending request to API vacancies
2026-04-09 14:12:39 Sending request to API vacancies
2026-04-09 14:12:40 Success for Town 12, vacancy category Информационная безопасность, page 0
2026-04-09 14:12:40 Sending request to API vacancies
2026-04-09 14:12:41 Sending request to API vacancies
2026-04-09 14:12:41 Sending request to API vacancies
2026-04-09 14:12:42 Success for Town 12, vacancy category Киберспорт, page 0
2026-04-09 14:12:42 Sending request to API vacancies
2026-04-09 14:12:43 Sending request to API vacancies
2026-04-09 14:12:44 Success for Town 12, vacancy category Киберспорт, page 0
2026-04-09 14:12:44 Sending request to API vacancies
2026-04-09 14:12:45 Sending request to API vacancies
2026-04-09 14:12:46 Success for Town 12, vacancy category Киберспорт, page 0
2026-04-09 14:12:46 Sending request to API vacancies
2026-04-09 14:12:47 Sending request to API vacancies
2026-04-09 14:12:47 Sending request to API vacancies
2026-04-09 14:12:48 Success for Town 12, vacancy category Компьютерная анимация и мультимедиа, page 0
2026-04-09 14:12:48 Sending request to API vacancies
2026-04-09 14:12:49 Sending request to API vacancies
2026-04-09 14:12:50 Success for Town 12, vacancy category Компьютерная анимация и мультимедиа, page 0
2026-04-09 14:12:50 Sending request to API vacancies
2026-04-09 14:12:50 Sending request to API vacancies
2026-04-09 14:12:52 Success for Town 12, vacancy category Компьютерная анимация и мультимедиа, page 0
2026-04-09 14:12:52 Sending request to API vacancies
2026-04-09 14:12:52 Sending request to API vacancies
2026-04-09 14:12:53 Sending request to API vacancies
2026-04-09 14:12:55 Success for Town 12, vacancy category Контент, page 0
2026-04-09 14:12:55 Sending request to API vacancies
2026-04-09 14:12:56 Sending request to API vacancies
2026-04-09 14:12:56 Success for Town 12, vacancy category Контент, page 0
2026-04-09 14:12:56 Sending request to API vacancies
2026-04-09 14:12:57 Sending request to API vacancies
2026-04-09 14:12:58 Success for Town 12, vacancy category Контент, page 0
2026-04-09 14:12:58 Sending request to API vacancies
2026-04-09 14:12:58 Sending request to API vacancies
2026-04-09 14:12:59 Sending request to API vacancies
2026-04-09 14:13:00 Success for Town 12, vacancy category Мобильная разработка, page 0
2026-04-09 14:13:00 Sending request to API vacancies
2026-04-09 14:13:01 Sending request to API vacancies
2026-04-09 14:13:01 Success for Town 12, vacancy category Мобильная разработка, page 0
2026-04-09 14:13:01 Sending request to API vacancies
2026-04-09 14:13:02 Sending request to API vacancies
2026-04-09 14:13:03 Success for Town 12, vacancy category Мобильная разработка, page 0
2026-04-09 14:13:03 Sending request to API vacancies
2026-04-09 14:13:03 Sending request to API vacancies
2026-04-09 14:13:04 Sending request to API vacancies
2026-04-09 14:13:05 Success for Town 12, vacancy category Нейросети / Искусственный интеллект, page 0
2026-04-09 14:13:05 Sending request to API vacancies
2026-04-09 14:13:06 Sending request to API vacancies
2026-04-09 14:13:07 Success for Town 12, vacancy category Нейросети / Искусственный интеллект, page 0
2026-04-09 14:13:07 Sending request to API vacancies
2026-04-09 14:13:07 Sending request to API vacancies
2026-04-09 14:13:08 Success for Town 12, vacancy category Нейросети / Искусственный интеллект, page 0
2026-04-09 14:13:08 Sending request to API vacancies
2026-04-09 14:13:09 Sending request to API vacancies
2026-04-09 14:13:09 Sending request to API vacancies
2026-04-09 14:13:10 Success for Town 12, vacancy category Оптимизация, SEO, page 0
2026-04-09 14:13:10 Sending request to API vacancies
2026-04-09 14:13:11 Sending request to API vacancies
2026-04-09 14:13:11 Success for Town 12, vacancy category Оптимизация, SEO, page 0
2026-04-09 14:13:12 Sending request to API vacancies
2026-04-09 14:13:12 Sending request to API vacancies
2026-04-09 14:13:13 Success for Town 12, vacancy category Оптимизация, SEO, page 0
2026-04-09 14:13:13 Sending request to API vacancies
2026-04-09 14:13:14 Sending request to API vacancies
2026-04-09 14:13:14 Sending request to API vacancies
2026-04-09 14:13:15 Success for Town 12, vacancy category Передача данных и доступ в интернет, page 0
2026-04-09 14:13:15 Sending request to API vacancies
2026-04-09 14:13:16 Sending request to API vacancies
2026-04-09 14:13:17 Success for Town 12, vacancy category Передача данных и доступ в интернет, page 0
2026-04-09 14:13:17 Sending request to API vacancies
2026-04-09 14:13:18 Sending request to API vacancies
2026-04-09 14:13:19 Success for Town 12, vacancy category Передача данных и доступ в интернет, page 0
2026-04-09 14:13:19 Sending request to API vacancies
2026-04-09 14:13:20 Sending request to API vacancies
2026-04-09 14:13:20 Sending request to API vacancies
2026-04-09 14:13:21 Success for Town 12, vacancy category Разработка и сопровождение банковского ПО, page 0
2026-04-09 14:13:21 Sending request to API vacancies
2026-04-09 14:13:22 Sending request to API vacancies
2026-04-09 14:13:23 Success for Town 12, vacancy category Разработка и сопровождение банковского ПО, page 0
2026-04-09 14:13:23 Sending request to API vacancies
2026-04-09 14:13:24 Sending request to API vacancies
2026-04-09 14:13:26 Success for Town 12, vacancy category Разработка и сопровождение банковского ПО, page 0
2026-04-09 14:13:26 Sending request to API vacancies
2026-04-09 14:13:27 Sending request to API vacancies
2026-04-09 14:13:27 Sending request to API vacancies
2026-04-09 14:13:28 Success for Town 12, vacancy category Разработка, программирование, page 0
2026-04-09 14:13:29 Sending request to API vacancies
2026-04-09 14:13:29 Sending request to API vacancies
2026-04-09 14:13:30 Success for Town 12, vacancy category Разработка, программирование, page 0
2026-04-09 14:13:30 Sending request to API vacancies
2026-04-09 14:13:31 Sending request to API vacancies
2026-04-09 14:13:31 Success for Town 12, vacancy category Разработка, программирование, page 0
2026-04-09 14:13:31 Sending request to API vacancies
2026-04-09 14:13:32 Sending request to API vacancies
2026-04-09 14:13:32 Sending request to API vacancies
2026-04-09 14:13:33 Success for Town 12, vacancy category Сетевые технологии, page 0
2026-04-09 14:13:33 Sending request to API vacancies
2026-04-09 14:13:34 Sending request to API vacancies
2026-04-09 14:13:34 Success for Town 12, vacancy category Сетевые технологии, page 0
2026-04-09 14:13:35 Sending request to API vacancies
2026-04-09 14:13:35 Sending request to API vacancies
2026-04-09 14:13:36 Success for Town 12, vacancy category Сетевые технологии, page 0
2026-04-09 14:13:36 Sending request to API vacancies
2026-04-09 14:13:37 Sending request to API vacancies
2026-04-09 14:13:38 Sending request to API vacancies
2026-04-09 14:13:38 Success for Town 12, vacancy category Системная интеграция, page 0
2026-04-09 14:13:38 Sending request to API vacancies
2026-04-09 14:13:39 Sending request to API vacancies
2026-04-09 14:13:40 Success for Town 12, vacancy category Системная интеграция, page 0
2026-04-09 14:13:40 Sending request to API vacancies
2026-04-09 14:13:40 Sending request to API vacancies
2026-04-09 14:13:41 Success for Town 12, vacancy category Системная интеграция, page 0
2026-04-09 14:13:41 Sending request to API vacancies
2026-04-09 14:13:42 Sending request to API vacancies
2026-04-09 14:13:43 Sending request to API vacancies
2026-04-09 14:13:43 Success for Town 12, vacancy category Системное администрирование, page 0
2026-04-09 14:13:44 Sending request to API vacancies
2026-04-09 14:13:44 Sending request to API vacancies
2026-04-09 14:13:45 Success for Town 12, vacancy category Системное администрирование, page 0
2026-04-09 14:13:45 Sending request to API vacancies
2026-04-09 14:13:46 Sending request to API vacancies
2026-04-09 14:13:46 Success for Town 12, vacancy category Системное администрирование, page 0
2026-04-09 14:13:47 Sending request to API vacancies
2026-04-09 14:13:48 Sending request to API vacancies
2026-04-09 14:13:48 Sending request to API vacancies
2026-04-09 14:13:49 Success for Town 12, vacancy category Системы автоматизированного проектирования (САПР), page 0
2026-04-09 14:13:49 Sending request to API vacancies
2026-04-09 14:13:49 Sending request to API vacancies
2026-04-09 14:13:50 Success for Town 12, vacancy category Системы автоматизированного проектирования (САПР), page 0
2026-04-09 14:13:50 Sending request to API vacancies
2026-04-09 14:13:51 Sending request to API vacancies
2026-04-09 14:13:52 Success for Town 12, vacancy category Системы автоматизированного проектирования (САПР), page 0
2026-04-09 14:13:52 Sending request to API vacancies
2026-04-09 14:13:53 Sending request to API vacancies
2026-04-09 14:13:53 Sending request to API vacancies
2026-04-09 14:13:54 Success for Town 12, vacancy category Системы управления предприятием (ERP), page 0
2026-04-09 14:13:54 Sending request to API vacancies
2026-04-09 14:13:56 Sending request to API vacancies
2026-04-09 14:13:57 Success for Town 12, vacancy category Системы управления предприятием (ERP), page 0
2026-04-09 14:13:57 Sending request to API vacancies
2026-04-09 14:13:58 Sending request to API vacancies
2026-04-09 14:13:59 Success for Town 12, vacancy category Системы управления предприятием (ERP), page 0
2026-04-09 14:13:59 Sending request to API vacancies
2026-04-09 14:13:59 Sending request to API vacancies
2026-04-09 14:14:00 Sending request to API vacancies
2026-04-09 14:14:01 Success for Town 12, vacancy category Сотовые, беспроводные технологии, page 0
2026-04-09 14:14:02 Sending request to API vacancies
2026-04-09 14:14:02 Sending request to API vacancies
2026-04-09 14:14:04 Success for Town 12, vacancy category Сотовые, беспроводные технологии, page 0
2026-04-09 14:14:04 Sending request to API vacancies
2026-04-09 14:14:05 Sending request to API vacancies
2026-04-09 14:14:06 Success for Town 12, vacancy category Сотовые, беспроводные технологии, page 0
2026-04-09 14:14:06 Sending request to API vacancies
2026-04-09 14:14:06 Sending request to API vacancies
2026-04-09 14:14:07 Sending request to API vacancies
2026-04-09 14:14:08 Success for Town 12, vacancy category Телекоммуникации и связь, page 0
2026-04-09 14:14:08 Sending request to API vacancies
2026-04-09 14:14:08 Sending request to API vacancies
2026-04-09 14:14:09 Success for Town 12, vacancy category Телекоммуникации и связь, page 0
2026-04-09 14:14:09 Sending request to API vacancies
2026-04-09 14:14:10 Sending request to API vacancies
2026-04-09 14:14:10 Success for Town 12, vacancy category Телекоммуникации и связь, page 0
2026-04-09 14:14:11 Sending request to API vacancies
2026-04-09 14:14:11 Sending request to API vacancies
2026-04-09 14:14:12 Sending request to API vacancies
2026-04-09 14:14:12 Success for Town 12, vacancy category Тестирование, QA, page 0
2026-04-09 14:14:12 Sending request to API vacancies
2026-04-09 14:14:13 Sending request to API vacancies
2026-04-09 14:14:14 Success for Town 12, vacancy category Тестирование, QA, page 0
2026-04-09 14:14:14 Sending request to API vacancies
2026-04-09 14:14:14 Sending request to API vacancies
2026-04-09 14:14:15 Success for Town 12, vacancy category Тестирование, QA, page 0
2026-04-09 14:14:15 Sending request to API vacancies
2026-04-09 14:14:16 Sending request to API vacancies
2026-04-09 14:14:16 Sending request to API vacancies
2026-04-09 14:14:17 Success for Town 12, vacancy category Техническая документация, page 0
2026-04-09 14:14:17 Sending request to API vacancies
2026-04-09 14:14:18 Sending request to API vacancies
2026-04-09 14:14:19 Success for Town 12, vacancy category Техническая документация, page 0
2026-04-09 14:14:19 Sending request to API vacancies
2026-04-09 14:14:20 Sending request to API vacancies
2026-04-09 14:14:21 Success for Town 12, vacancy category Техническая документация, page 0
2026-04-09 14:14:21 Sending request to API vacancies
2026-04-09 14:14:22 Sending request to API vacancies
2026-04-09 14:14:22 Sending request to API vacancies
2026-04-09 14:14:23 Success for Town 12, vacancy category Техническая поддержка, page 0
2026-04-09 14:14:23 Sending request to API vacancies
2026-04-09 14:14:24 Sending request to API vacancies
2026-04-09 14:14:25 Success for Town 12, vacancy category Техническая поддержка, page 0
2026-04-09 14:14:25 Sending request to API vacancies
2026-04-09 14:14:25 Sending request to API vacancies
2026-04-09 14:14:26 Success for Town 12, vacancy category Техническая поддержка, page 0
2026-04-09 14:14:26 Sending request to API vacancies
2026-04-09 14:14:28 Sending request to API vacancies
2026-04-09 14:14:29 Sending request to API vacancies
2026-04-09 14:14:29 Success for Town 12, vacancy category Управление продуктом, page 0
2026-04-09 14:14:29 Sending request to API vacancies
2026-04-09 14:14:30 Sending request to API vacancies
2026-04-09 14:14:31 Success for Town 12, vacancy category Управление продуктом, page 0
2026-04-09 14:14:31 Sending request to API vacancies
2026-04-09 14:14:31 Sending request to API vacancies
2026-04-09 14:14:32 Success for Town 12, vacancy category Управление продуктом, page 0
2026-04-09 14:14:32 Sending request to API vacancies
2026-04-09 14:14:33 Sending request to API vacancies
2026-04-09 14:14:33 Sending request to API vacancies
2026-04-09 14:14:34 Success for Town 12, vacancy category Управление проектами, page 0
2026-04-09 14:14:34 Sending request to API vacancies
2026-04-09 14:14:35 Sending request to API vacancies
2026-04-09 14:14:35 Success for Town 12, vacancy category Управление проектами, page 0
2026-04-09 14:14:36 Sending request to API vacancies
2026-04-09 14:14:36 Sending request to API vacancies
2026-04-09 14:14:37 Success for Town 12, vacancy category Управление проектами, page 0
2026-04-09 14:14:37 Sending request to API vacancies
2026-04-09 14:14:38 Sending request to API vacancies
2026-04-09 14:14:39 Sending request to API vacancies
2026-04-09 14:14:40 Success for Town 12, vacancy category Управление разработкой, page 0
2026-04-09 14:14:40 Sending request to API vacancies
2026-04-09 14:14:40 Sending request to API vacancies
2026-04-09 14:14:41 Success for Town 12, vacancy category Управление разработкой, page 0
2026-04-09 14:14:41 Sending request to API vacancies
2026-04-09 14:14:42 Sending request to API vacancies
2026-04-09 14:14:43 Success for Town 12, vacancy category Управление разработкой, page 0
2026-04-09 14:14:43 Sending request to API vacancies
2026-04-09 14:14:44 Sending request to API vacancies
2026-04-09 14:14:44 Sending request to API vacancies
2026-04-09 14:14:45 Success for Town 12, vacancy category Юзабилити, page 0
2026-04-09 14:14:46 Sending request to API vacancies
2026-04-09 14:14:47 Sending request to API vacancies
2026-04-09 14:14:49 Success for Town 12, vacancy category Юзабилити, page 0
2026-04-09 14:14:49 Sending request to API vacancies
2026-04-09 14:14:49 Sending request to API vacancies
2026-04-09 14:14:50 Success for Town 12, vacancy category Юзабилити, page 0
2026-04-09 14:14:50 Sending request to API vacancies
2026-04-09 14:14:52 Sending request to API vacancies
2026-04-09 14:14:53 Sending request to API vacancies
2026-04-09 14:14:54 Success for Town 12, vacancy category Другое, page 0
2026-04-09 14:14:54 Sending request to API vacancies
2026-04-09 14:14:55 Sending request to API vacancies
2026-04-09 14:14:55 Success for Town 12, vacancy category Другое, page 0
2026-04-09 14:14:55 Sending request to API vacancies
2026-04-09 14:14:56 Sending request to API vacancies
2026-04-09 14:14:57 Success for Town 12, vacancy category Другое, page 0
2026-04-09 14:14:57 Sending request to API vacancies
2026-04-09 14:14:58 Sending request to API vacancies
2026-04-09 14:14:58 Sending request to API vacancies
2026-04-09 14:14:59 Success for Town 12, vacancy category Начало карьеры, мало опыта, page 0
2026-04-09 14:14:59 Sending request to API vacancies
2026-04-09 14:15:00 Sending request to API vacancies
2026-04-09 14:15:00 Success for Town 12, vacancy category Начало карьеры, мало опыта, page 0
2026-04-09 14:15:01 Sending request to API vacancies
2026-04-09 14:15:01 Sending request to API vacancies
2026-04-09 14:15:02 Success for Town 12, vacancy category Начало карьеры, мало опыта, page 0
2026-04-09 14:15:02 Sending request to API vacancies
2026-04-09 14:15:03 Sending request to API vacancies
